{"id":"noto-sans","family":"Noto Sans","variants":[{"id":"100","ttf":"https://fonts.gstatic.com/s/notosans/v27/o-0OIpQlx3QUlC5A4PNjhgRMQ_w.ttf","fontFamily":"'Noto Sans'","fontStyle":"normal","fontWeight":"100","woff2":"https://fonts.gstatic.com/s/notosans/v27/o-0OIpQlx3QUlC5A4PNjhgRMQ_k.woff2","svg":"https://fonts.gstatic.com/l/font?kit=o-0OIpQlx3QUlC5A4PNjhgRMQ_4&skey=993bddccc1a2afba&v=v27#NotoSans","eot":"https://fonts.gstatic.com/s/notosans/v27/o-0OIpQlx3QUlC5A4PNjhgRMQ_0.eot","woff":"https://fonts.gstatic.com/s/notosans/v27/o-0OIpQlx3QUlC5A4PNjhgRMQ_8.woff"},{"id":"200","eot":"https://fonts.gstatic.com/s/notosans/v27/o-0NIpQlx3QUlC5A4PNjKhVVatyF.eot","fontFamily":"'Noto Sans'","fontStyle":"normal","fontWeight":"200","woff":"https://fonts.gstatic.com/s/notosans/v27/o-0NIpQlx3QUlC5A4PNjKhVVatyH.woff","woff2":"https://fonts.gstatic.com/s/notosans/v27/o-0NIpQlx3QUlC5A4PNjKhVVatyB.woff2","svg":"https://fonts.gstatic.com/l/font?kit=o-0NIpQlx3QUlC5A4PNjKhVVatyG&skey=ec80056291b0a45c&v=v27#NotoSans","ttf":"https://fonts.gstatic.com/s/notosans/v27/o-0NIpQlx3QUlC5A4PNjKhVVatyE.ttf"},{"id":"100italic","woff":"https://fonts.gstatic.com/s/notosans/v27/o-0MIpQlx3QUlC5A4PNr4Awhc_Wk7g.woff","fontFamily":"'Noto Sans'","fontStyle":"italic","fontWeight":"100","ttf":"https://fonts.gstatic.com/s/notosans/v27/o-0MIpQlx3QUlC5A4PNr4Awhc_Wk7Q.ttf","svg":"https://fonts.gstatic.com/l/font?kit=o-0MIpQlx3QUlC5A4PNr4Awhc_Wk7w&skey=f1b6cf7ab5cde44c&v=v27#NotoSans","woff2":"https://fonts.gstatic.com/s/notosans/v27/o-0MIpQlx3QUlC5A4PNr4Awhc_Wk6A.woff2","eot":"https://fonts.gstatic.com/s/notosans/v27/o-0MIpQlx3QUlC5A4PNr4Awhc_Wk7A.eot"},{"id":"200italic","eot":"https://fonts.gstatic.com/s/notosans/v27/o-0TIpQlx3QUlC5A4PNr4AyNYuyNzWk.eot","fontFamily":"'Noto Sans'","fontStyle":"italic","fontWeight":"200","woff":"https://fonts.gstatic.com/s/notosans/v27/o-0TIpQlx3QUlC5A4PNr4AyNYuyNzWs.woff","woff2":"https://fonts.gstatic.com/s/notosans/v27/o-0TIpQlx3QUlC5A4PNr4AyNYuyNzW0.woff2","svg":"https://fonts.gstatic.com/l/font?kit=o-0TIpQlx3QUlC5A4PNr4AyNYuyNzWo&skey=28598ec6b00b2ffa&v=v27#NotoSans","ttf":"https://fonts.gstatic.com/s/notosans/v27/o-0TIpQlx3QUlC5A4PNr4AyNYuyNzWg.ttf"},{"id":"300","eot":"https://fonts.gstatic.com/s/notosans/v27/o-0NIpQlx3QUlC5A4PNjThZVatyF.eot","fontFamily":"'Noto Sans'","fontStyle":"normal","fontWeight":"300","woff":"https://fonts.gstatic.com/s/notosans/v27/o-0NIpQlx3QUlC5A4PNjThZVatyH.woff","woff2":"https://fonts.gstatic.com/s/notosans/v27/o-0NIpQlx3QUlC5A4PNjThZVatyB.woff2","svg":"https://fonts.gstatic.com/l/font?kit=o-0NIpQlx3QUlC5A4PNjThZVatyG&skey=22702de474ed25b3&v=v27#NotoSans","ttf":"https://fonts.gstatic.com/s/notosans/v27/o-0NIpQlx3QUlC5A4PNjThZVatyE.ttf"},{"id":"300italic","eot":"https://fonts.gstatic.com/s/notosans/v27/o-0TIpQlx3QUlC5A4PNr4AzpYeyNzWk.eot","fontFamily":"'Noto Sans'","fontStyle":"italic","fontWeight":"300","woff":"https://fonts.gstatic.com/s/notosans/v27/o-0TIpQlx3QUlC5A4PNr4AzpYeyNzWs.woff","ttf":"https://fonts.gstatic.com/s/notosans/v27/o-0TIpQlx3QUlC5A4PNr4AzpYeyNzWg.ttf","svg":"https://fonts.gstatic.com/l/font?kit=o-0TIpQlx3QUlC5A4PNr4AzpYeyNzWo&skey=dcc82ad9440fbf79&v=v27#NotoSans","woff2":"https://fonts.gstatic.com/s/notosans/v27/o-0TIpQlx3QUlC5A4PNr4AzpYeyNzW0.woff2"},{"id":"regular","woff":"https://fonts.gstatic.com/s/notosans/v27/o-0IIpQlx3QUlC5A4PNr6zRG.woff","fontFamily":"'Noto Sans'","fontStyle":"normal","fontWeight":"400","eot":"https://fonts.gstatic.com/s/notosans/v27/o-0IIpQlx3QUlC5A4PNr6zRE.eot","woff2":"https://fonts.gstatic.com/s/notosans/v27/o-0IIpQlx3QUlC5A4PNr6zRA.woff2","svg":"https://fonts.gstatic.com/l/font?kit=o-0IIpQlx3QUlC5A4PNr6zRH&skey=2b960fe17823056f&v=v27#NotoSans","ttf":"https://fonts.gstatic.com/s/notosans/v27/o-0IIpQlx3QUlC5A4PNr6zRF.ttf"},{"id":"italic","eot":"https://fonts.gstatic.com/s/notosans/v27/o-0OIpQlx3QUlC5A4PNr4ARMQ_0.eot","fontFamily":"'Noto Sans'","fontStyle":"italic","fontWeight":"400","woff2":"https://fonts.gstatic.com/s/notosans/v27/o-0OIpQlx3QUlC5A4PNr4ARMQ_k.woff2","svg":"https://fonts.gstatic.com/l/font?kit=o-0OIpQlx3QUlC5A4PNr4ARMQ_4&skey=10db4434b0359efc&v=v27#NotoSans","ttf":"https://fonts.gstatic.com/s/notosans/v27/o-0OIpQlx3QUlC5A4PNr4ARMQ_w.ttf","woff":"https://fonts.gstatic.com/s/notosans/v27/o-0OIpQlx3QUlC5A4PNr4ARMQ_8.woff"},{"id":"500","eot":"https://fonts.gstatic.com/s/notosans/v27/o-0NIpQlx3QUlC5A4PNjFhdVatyF.eot","fontFamily":"'Noto Sans'","fontStyle":"normal","fontWeight":"500","woff":"https://fonts.gstatic.com/s/notosans/v27/o-0NIpQlx3QUlC5A4PNjFhdVatyH.woff","woff2":"https://fonts.gstatic.com/s/notosans/v27/o-0NIpQlx3QUlC5A4PNjFhdVatyB.woff2","svg":"https://fonts.gstatic.com/l/font?kit=o-0NIpQlx3QUlC5A4PNjFhdVatyG&skey=f82664016e9ae28c&v=v27#NotoSans","ttf":"https://fonts.gstatic.com/s/notosans/v27/o-0NIpQlx3QUlC5A4PNjFhdVatyE.ttf"},{"id":"500italic","eot":"https://fonts.gstatic.com/s/notosans/v27/o-0TIpQlx3QUlC5A4PNr4AyxYOyNzWk.eot","fontFamily":"'Noto Sans'","fontStyle":"italic","fontWeight":"500","woff":"https://fonts.gstatic.com/s/notosans/v27/o-0TIpQlx3QUlC5A4PNr4AyxYOyNzWs.woff","svg":"https://fonts.gstatic.com/l/font?kit=o-0TIpQlx3QUlC5A4PNr4AyxYOyNzWo&skey=f5d94c36a6653228&v=v27#NotoSans","woff2":"https://fonts.gstatic.com/s/notosans/v27/o-0TIpQlx3QUlC5A4PNr4AyxYOyNzW0.woff2","ttf":"https://fonts.gstatic.com/s/notosans/v27/o-0TIpQlx3QUlC5A4PNr4AyxYOyNzWg.ttf"},{"id":"600","eot":"https://fonts.gstatic.com/s/notosans/v27/o-0NIpQlx3QUlC5A4PNjOhBVatyF.eot","fontFamily":"'Noto Sans'","fontStyle":"normal","fontWeight":"600","woff":"https://fonts.gstatic.com/s/notosans/v27/o-0NIpQlx3QUlC5A4PNjOhBVatyH.woff","woff2":"https://fonts.gstatic.com/s/notosans/v27/o-0NIpQlx3QUlC5A4PNjOhBVatyB.woff2","svg":"https://fonts.gstatic.com/l/font?kit=o-0NIpQlx3QUlC5A4PNjOhBVatyG&skey=8791a86f1e8b5e22&v=v27#NotoSans","ttf":"https://fonts.gstatic.com/s/notosans/v27/o-0NIpQlx3QUlC5A4PNjOhBVatyE.ttf"},{"id":"600italic","eot":"https://fonts.gstatic.com/s/notosans/v27/o-0TIpQlx3QUlC5A4PNr4AydZ-yNzWk.eot","fontFamily":"'Noto Sans'","fontStyle":"italic","fontWeight":"600","woff":"https://fonts.gstatic.com/s/notosans/v27/o-0TIpQlx3QUlC5A4PNr4AydZ-yNzWs.woff","woff2":"https://fonts.gstatic.com/s/notosans/v27/o-0TIpQlx3QUlC5A4PNr4AydZ-yNzW0.woff2","svg":"https://fonts.gstatic.com/l/font?kit=o-0TIpQlx3QUlC5A4PNr4AydZ-yNzWo&skey=320cf3c978be7f36&v=v27#NotoSans","ttf":"https://fonts.gstatic.com/s/notosans/v27/o-0TIpQlx3QUlC5A4PNr4AydZ-yNzWg.ttf"},{"id":"700","eot":"https://fonts.gstatic.com/s/notosans/v27/o-0NIpQlx3QUlC5A4PNjXhFVatyF.eot","fontFamily":"'Noto Sans'","fontStyle":"normal","fontWeight":"700","woff":"https://fonts.gstatic.com/s/notosans/v27/o-0NIpQlx3QUlC5A4PNjXhFVatyH.woff","woff2":"https://fonts.gstatic.com/s/notosans/v27/o-0NIpQlx3QUlC5A4PNjXhFVatyB.woff2","svg":"https://fonts.gstatic.com/l/font?kit=o-0NIpQlx3QUlC5A4PNjXhFVatyG&skey=c04743c8f0416da6&v=v27#NotoSans","ttf":"https://fonts.gstatic.com/s/notosans/v27/o-0NIpQlx3QUlC5A4PNjXhFVatyE.ttf"},{"id":"700italic","eot":"https://fonts.gstatic.com/s/notosans/v27/o-0TIpQlx3QUlC5A4PNr4Az5ZuyNzWk.eot","fontFamily":"'Noto Sans'","fontStyle":"italic","fontWeight":"700","woff":"https://fonts.gstatic.com/s/notosans/v27/o-0TIpQlx3QUlC5A4PNr4Az5ZuyNzWs.woff","woff2":"https://fonts.gstatic.com/s/notosans/v27/o-0TIpQlx3QUlC5A4PNr4Az5ZuyNzW0.woff2","svg":"https://fonts.gstatic.com/l/font?kit=o-0TIpQlx3QUlC5A4PNr4Az5ZuyNzWo&skey=940e0a2cc413d0c8&v=v27#NotoSans","ttf":"https://fonts.gstatic.com/s/notosans/v27/o-0TIpQlx3QUlC5A4PNr4Az5ZuyNzWg.ttf"},{"id":"800","eot":"https://fonts.gstatic.com/s/notosans/v27/o-0NIpQlx3QUlC5A4PNjQhJVatyF.eot","fontFamily":"'Noto Sans'","fontStyle":"normal","fontWeight":"800","woff":"https://fonts.gstatic.com/s/notosans/v27/o-0NIpQlx3QUlC5A4PNjQhJVatyH.woff","woff2":"https://fonts.gstatic.com/s/notosans/v27/o-0NIpQlx3QUlC5A4PNjQhJVatyB.woff2","svg":"https://fonts.gstatic.com/l/font?kit=o-0NIpQlx3QUlC5A4PNjQhJVatyG&skey=c7856b2a52561d21&v=v27#NotoSans","ttf":"https://fonts.gstatic.com/s/notosans/v27/o-0NIpQlx3QUlC5A4PNjQhJVatyE.ttf"},{"id":"800italic","eot":"https://fonts.gstatic.com/s/notosans/v27/o-0TIpQlx3QUlC5A4PNr4AzlZeyNzWk.eot","fontFamily":"'Noto Sans'","fontStyle":"italic","fontWeight":"800","woff":"https://fonts.gstatic.com/s/notosans/v27/o-0TIpQlx3QUlC5A4PNr4AzlZeyNzWs.woff","woff2":"https://fonts.gstatic.com/s/notosans/v27/o-0TIpQlx3QUlC5A4PNr4AzlZeyNzW0.woff2","ttf":"https://fonts.gstatic.com/s/notosans/v27/o-0TIpQlx3QUlC5A4PNr4AzlZeyNzWg.ttf","svg":"https://fonts.gstatic.com/l/font?kit=o-0TIpQlx3QUlC5A4PNr4AzlZeyNzWo&skey=cacf09c0d8525c6b&v=v27#NotoSans"},{"id":"900","eot":"https://fonts.gstatic.com/s/notosans/v27/o-0NIpQlx3QUlC5A4PNjZhNVatyF.eot","fontFamily":"'Noto Sans'","fontStyle":"normal","fontWeight":"900","woff":"https://fonts.gstatic.com/s/notosans/v27/o-0NIpQlx3QUlC5A4PNjZhNVatyH.woff","woff2":"https://fonts.gstatic.com/s/notosans/v27/o-0NIpQlx3QUlC5A4PNjZhNVatyB.woff2","svg":"https://fonts.gstatic.com/l/font?kit=o-0NIpQlx3QUlC5A4PNjZhNVatyG&skey=e461313d323bd2cb&v=v27#NotoSans","ttf":"https://fonts.gstatic.com/s/notosans/v27/o-0NIpQlx3QUlC5A4PNjZhNVatyE.ttf"},{"id":"900italic","woff":"https://fonts.gstatic.com/s/notosans/v27/o-0TIpQlx3QUlC5A4PNr4AzBZOyNzWs.woff","fontFamily":"'Noto Sans'","fontStyle":"italic","fontWeight":"900","svg":"https://fonts.gstatic.com/l/font?kit=o-0TIpQlx3QUlC5A4PNr4AzBZOyNzWo&skey=ea250d8cc01a29a8&v=v27#NotoSans","woff2":"https://fonts.gstatic.com/s/notosans/v27/o-0TIpQlx3QUlC5A4PNr4AzBZOyNzW0.woff2","ttf":"https://fonts.gstatic.com/s/notosans/v27/o-0TIpQlx3QUlC5A4PNr4AzBZOyNzWg.ttf","eot":"https://fonts.gstatic.com/s/notosans/v27/o-0TIpQlx3QUlC5A4PNr4AzBZOyNzWk.eot"}],"subsets":["cyrillic","cyrillic-ext","devanagari","greek","greek-ext","latin","latin-ext","vietnamese"],"category":"sans-serif","version":"v27","lastModified":"2022-05-10","popularity":12,"defSubset":"latin","defVariant":"regular","subsetMap":{"cyrillic":false,"cyrillic-ext":false,"devanagari":false,"greek":false,"greek-ext":false,"latin":true,"latin-ext":true,"vietnamese":false},"storeID":"latin-ext_latin"}