{"id":"open-sans","family":"Open Sans","variants":[{"id":"300","svg":"https://fonts.gstatic.com/l/font?kit=memSYaGs126MiZpBA-UvWbX2vVnXBbObj2OVZyOOSr4dVJWUgsiH0B4uaVU&skey=62c1cbfccc78b4b2&v=v29#OpenSans","fontFamily":"'Open Sans'","fontStyle":"normal","fontWeight":"300","woff":"https://fonts.gstatic.com/s/opensans/v29/memSYaGs126MiZpBA-UvWbX2vVnXBbObj2OVZyOOSr4dVJWUgsiH0B4uaVQ.woff","eot":"https://fonts.gstatic.com/s/opensans/v29/memSYaGs126MiZpBA-UvWbX2vVnXBbObj2OVZyOOSr4dVJWUgsiH0B4uaVY.eot","woff2":"https://fonts.gstatic.com/s/opensans/v29/memSYaGs126MiZpBA-UvWbX2vVnXBbObj2OVZyOOSr4dVJWUgsiH0B4uaVI.woff2","ttf":"https://fonts.gstatic.com/s/opensans/v29/memSYaGs126MiZpBA-UvWbX2vVnXBbObj2OVZyOOSr4dVJWUgsiH0B4uaVc.ttf"},{"id":"500","eot":"https://fonts.gstatic.com/s/opensans/v29/memSYaGs126MiZpBA-UvWbX2vVnXBbObj2OVZyOOSr4dVJWUgsjr0B4uaVY.eot","fontFamily":"'Open Sans'","fontStyle":"normal","fontWeight":"500","woff":"https://fonts.gstatic.com/s/opensans/v29/memSYaGs126MiZpBA-UvWbX2vVnXBbObj2OVZyOOSr4dVJWUgsjr0B4uaVQ.woff","ttf":"https://fonts.gstatic.com/s/opensans/v29/memSYaGs126MiZpBA-UvWbX2vVnXBbObj2OVZyOOSr4dVJWUgsjr0B4uaVc.ttf","svg":"https://fonts.gstatic.com/l/font?kit=memSYaGs126MiZpBA-UvWbX2vVnXBbObj2OVZyOOSr4dVJWUgsjr0B4uaVU&skey=62c1cbfccc78b4b2&v=v29#OpenSans","woff2":"https://fonts.gstatic.com/s/opensans/v29/memSYaGs126MiZpBA-UvWbX2vVnXBbObj2OVZyOOSr4dVJWUgsjr0B4uaVI.woff2"},{"id":"regular","eot":"https://fonts.gstatic.com/s/opensans/v29/memSYaGs126MiZpBA-UvWbX2vVnXBbObj2OVZyOOSr4dVJWUgsjZ0B4uaVY.eot","fontFamily":"'Open Sans'","fontStyle":"normal","fontWeight":"400","woff":"https://fonts.gstatic.com/s/opensans/v29/memSYaGs126MiZpBA-UvWbX2vVnXBbObj2OVZyOOSr4dVJWUgsjZ0B4uaVQ.woff","svg":"https://fonts.gstatic.com/l/font?kit=memSYaGs126MiZpBA-UvWbX2vVnXBbObj2OVZyOOSr4dVJWUgsjZ0B4uaVU&skey=62c1cbfccc78b4b2&v=v29#OpenSans","ttf":"https://fonts.gstatic.com/s/opensans/v29/memSYaGs126MiZpBA-UvWbX2vVnXBbObj2OVZyOOSr4dVJWUgsjZ0B4uaVc.ttf","woff2":"https://fonts.gstatic.com/s/opensans/v29/memSYaGs126MiZpBA-UvWbX2vVnXBbObj2OVZyOOSr4dVJWUgsjZ0B4uaVI.woff2"},{"id":"600","eot":"https://fonts.gstatic.com/s/opensans/v29/memSYaGs126MiZpBA-UvWbX2vVnXBbObj2OVZyOOSr4dVJWUgsgH1x4uaVY.eot","fontFamily":"'Open Sans'","fontStyle":"normal","fontWeight":"600","woff":"https://fonts.gstatic.com/s/opensans/v29/memSYaGs126MiZpBA-UvWbX2vVnXBbObj2OVZyOOSr4dVJWUgsgH1x4uaVQ.woff","woff2":"https://fonts.gstatic.com/s/opensans/v29/memSYaGs126MiZpBA-UvWbX2vVnXBbObj2OVZyOOSr4dVJWUgsgH1x4uaVI.woff2","svg":"https://fonts.gstatic.com/l/font?kit=memSYaGs126MiZpBA-UvWbX2vVnXBbObj2OVZyOOSr4dVJWUgsgH1x4uaVU&skey=62c1cbfccc78b4b2&v=v29#OpenSans","ttf":"https://fonts.gstatic.com/s/opensans/v29/memSYaGs126MiZpBA-UvWbX2vVnXBbObj2OVZyOOSr4dVJWUgsgH1x4uaVc.ttf"},{"id":"800","eot":"https://fonts.gstatic.com/s/opensans/v29/memSYaGs126MiZpBA-UvWbX2vVnXBbObj2OVZyOOSr4dVJWUgshZ1x4uaVY.eot","fontFamily":"'Open Sans'","fontStyle":"normal","fontWeight":"800","woff":"https://fonts.gstatic.com/s/opensans/v29/memSYaGs126MiZpBA-UvWbX2vVnXBbObj2OVZyOOSr4dVJWUgshZ1x4uaVQ.woff","woff2":"https://fonts.gstatic.com/s/opensans/v29/memSYaGs126MiZpBA-UvWbX2vVnXBbObj2OVZyOOSr4dVJWUgshZ1x4uaVI.woff2","svg":"https://fonts.gstatic.com/l/font?kit=memSYaGs126MiZpBA-UvWbX2vVnXBbObj2OVZyOOSr4dVJWUgshZ1x4uaVU&skey=62c1cbfccc78b4b2&v=v29#OpenSans","ttf":"https://fonts.gstatic.com/s/opensans/v29/memSYaGs126MiZpBA-UvWbX2vVnXBbObj2OVZyOOSr4dVJWUgshZ1x4uaVc.ttf"},{"id":"700","eot":"https://fonts.gstatic.com/s/opensans/v29/memSYaGs126MiZpBA-UvWbX2vVnXBbObj2OVZyOOSr4dVJWUgsg-1x4uaVY.eot","fontFamily":"'Open Sans'","fontStyle":"normal","fontWeight":"700","woff2":"https://fonts.gstatic.com/s/opensans/v29/memSYaGs126MiZpBA-UvWbX2vVnXBbObj2OVZyOOSr4dVJWUgsg-1x4uaVI.woff2","woff":"https://fonts.gstatic.com/s/opensans/v29/memSYaGs126MiZpBA-UvWbX2vVnXBbObj2OVZyOOSr4dVJWUgsg-1x4uaVQ.woff","svg":"https://fonts.gstatic.com/l/font?kit=memSYaGs126MiZpBA-UvWbX2vVnXBbObj2OVZyOOSr4dVJWUgsg-1x4uaVU&skey=62c1cbfccc78b4b2&v=v29#OpenSans","ttf":"https://fonts.gstatic.com/s/opensans/v29/memSYaGs126MiZpBA-UvWbX2vVnXBbObj2OVZyOOSr4dVJWUgsg-1x4uaVc.ttf"},{"id":"300italic","eot":"https://fonts.gstatic.com/s/opensans/v29/memQYaGs126MiZpBA-UFUIcVXSCEkx2cmqvXlWq8tWZ0Pw86hd0Rk5hkWV4exA.eot","fontFamily":"'Open Sans'","fontStyle":"italic","fontWeight":"300","woff":"https://fonts.gstatic.com/s/opensans/v29/memQYaGs126MiZpBA-UFUIcVXSCEkx2cmqvXlWq8tWZ0Pw86hd0Rk5hkWV4exg.woff","svg":"https://fonts.gstatic.com/l/font?kit=memQYaGs126MiZpBA-UFUIcVXSCEkx2cmqvXlWq8tWZ0Pw86hd0Rk5hkWV4exw&skey=743457fe2cc29280&v=v29#OpenSans","ttf":"https://fonts.gstatic.com/s/opensans/v29/memQYaGs126MiZpBA-UFUIcVXSCEkx2cmqvXlWq8tWZ0Pw86hd0Rk5hkWV4exQ.ttf","woff2":"https://fonts.gstatic.com/s/opensans/v29/memQYaGs126MiZpBA-UFUIcVXSCEkx2cmqvXlWq8tWZ0Pw86hd0Rk5hkWV4ewA.woff2"},{"id":"italic","woff2":"https://fonts.gstatic.com/s/opensans/v29/memQYaGs126MiZpBA-UFUIcVXSCEkx2cmqvXlWq8tWZ0Pw86hd0Rk8ZkWV4ewA.woff2","fontFamily":"'Open Sans'","fontStyle":"italic","fontWeight":"400","svg":"https://fonts.gstatic.com/l/font?kit=memQYaGs126MiZpBA-UFUIcVXSCEkx2cmqvXlWq8tWZ0Pw86hd0Rk8ZkWV4exw&skey=743457fe2cc29280&v=v29#OpenSans","ttf":"https://fonts.gstatic.com/s/opensans/v29/memQYaGs126MiZpBA-UFUIcVXSCEkx2cmqvXlWq8tWZ0Pw86hd0Rk8ZkWV4exQ.ttf","woff":"https://fonts.gstatic.com/s/opensans/v29/memQYaGs126MiZpBA-UFUIcVXSCEkx2cmqvXlWq8tWZ0Pw86hd0Rk8ZkWV4exg.woff","eot":"https://fonts.gstatic.com/s/opensans/v29/memQYaGs126MiZpBA-UFUIcVXSCEkx2cmqvXlWq8tWZ0Pw86hd0Rk8ZkWV4exA.eot"},{"id":"500italic","eot":"https://fonts.gstatic.com/s/opensans/v29/memQYaGs126MiZpBA-UFUIcVXSCEkx2cmqvXlWq8tWZ0Pw86hd0Rk_RkWV4exA.eot","fontFamily":"'Open Sans'","fontStyle":"italic","fontWeight":"500","woff":"https://fonts.gstatic.com/s/opensans/v29/memQYaGs126MiZpBA-UFUIcVXSCEkx2cmqvXlWq8tWZ0Pw86hd0Rk_RkWV4exg.woff","woff2":"https://fonts.gstatic.com/s/opensans/v29/memQYaGs126MiZpBA-UFUIcVXSCEkx2cmqvXlWq8tWZ0Pw86hd0Rk_RkWV4ewA.woff2","ttf":"https://fonts.gstatic.com/s/opensans/v29/memQYaGs126MiZpBA-UFUIcVXSCEkx2cmqvXlWq8tWZ0Pw86hd0Rk_RkWV4exQ.ttf","svg":"https://fonts.gstatic.com/l/font?kit=memQYaGs126MiZpBA-UFUIcVXSCEkx2cmqvXlWq8tWZ0Pw86hd0Rk_RkWV4exw&skey=743457fe2cc29280&v=v29#OpenSans"},{"id":"600italic","woff":"https://fonts.gstatic.com/s/opensans/v29/memQYaGs126MiZpBA-UFUIcVXSCEkx2cmqvXlWq8tWZ0Pw86hd0RkxhjWV4exg.woff","fontFamily":"'Open Sans'","fontStyle":"italic","fontWeight":"600","woff2":"https://fonts.gstatic.com/s/opensans/v29/memQYaGs126MiZpBA-UFUIcVXSCEkx2cmqvXlWq8tWZ0Pw86hd0RkxhjWV4ewA.woff2","ttf":"https://fonts.gstatic.com/s/opensans/v29/memQYaGs126MiZpBA-UFUIcVXSCEkx2cmqvXlWq8tWZ0Pw86hd0RkxhjWV4exQ.ttf","svg":"https://fonts.gstatic.com/l/font?kit=memQYaGs126MiZpBA-UFUIcVXSCEkx2cmqvXlWq8tWZ0Pw86hd0RkxhjWV4exw&skey=743457fe2cc29280&v=v29#OpenSans","eot":"https://fonts.gstatic.com/s/opensans/v29/memQYaGs126MiZpBA-UFUIcVXSCEkx2cmqvXlWq8tWZ0Pw86hd0RkxhjWV4exA.eot"},{"id":"700italic","eot":"https://fonts.gstatic.com/s/opensans/v29/memQYaGs126MiZpBA-UFUIcVXSCEkx2cmqvXlWq8tWZ0Pw86hd0RkyFjWV4exA.eot","fontFamily":"'Open Sans'","fontStyle":"italic","fontWeight":"700","woff":"https://fonts.gstatic.com/s/opensans/v29/memQYaGs126MiZpBA-UFUIcVXSCEkx2cmqvXlWq8tWZ0Pw86hd0RkyFjWV4exg.woff","woff2":"https://fonts.gstatic.com/s/opensans/v29/memQYaGs126MiZpBA-UFUIcVXSCEkx2cmqvXlWq8tWZ0Pw86hd0RkyFjWV4ewA.woff2","svg":"https://fonts.gstatic.com/l/font?kit=memQYaGs126MiZpBA-UFUIcVXSCEkx2cmqvXlWq8tWZ0Pw86hd0RkyFjWV4exw&skey=743457fe2cc29280&v=v29#OpenSans","ttf":"https://fonts.gstatic.com/s/opensans/v29/memQYaGs126MiZpBA-UFUIcVXSCEkx2cmqvXlWq8tWZ0Pw86hd0RkyFjWV4exQ.ttf"},{"id":"800italic","eot":"https://fonts.gstatic.com/s/opensans/v29/memQYaGs126MiZpBA-UFUIcVXSCEkx2cmqvXlWq8tWZ0Pw86hd0Rk0ZjWV4exA.eot","fontFamily":"'Open Sans'","fontStyle":"italic","fontWeight":"800","woff":"https://fonts.gstatic.com/s/opensans/v29/memQYaGs126MiZpBA-UFUIcVXSCEkx2cmqvXlWq8tWZ0Pw86hd0Rk0ZjWV4exg.woff","woff2":"https://fonts.gstatic.com/s/opensans/v29/memQYaGs126MiZpBA-UFUIcVXSCEkx2cmqvXlWq8tWZ0Pw86hd0Rk0ZjWV4ewA.woff2","svg":"https://fonts.gstatic.com/l/font?kit=memQYaGs126MiZpBA-UFUIcVXSCEkx2cmqvXlWq8tWZ0Pw86hd0Rk0ZjWV4exw&skey=743457fe2cc29280&v=v29#OpenSans","ttf":"https://fonts.gstatic.com/s/opensans/v29/memQYaGs126MiZpBA-UFUIcVXSCEkx2cmqvXlWq8tWZ0Pw86hd0Rk0ZjWV4exQ.ttf"}],"subsets":["cyrillic","cyrillic-ext","greek","greek-ext","hebrew","latin","latin-ext","vietnamese"],"category":"sans-serif","version":"v29","lastModified":"2022-05-12","popularity":2,"defSubset":"latin","defVariant":"regular","subsetMap":{"cyrillic":false,"cyrillic-ext":false,"greek":false,"greek-ext":false,"hebrew":false,"latin":true,"latin-ext":true,"vietnamese":false},"storeID":"latin-ext_latin"}