{"id":"roboto-mono","family":"Roboto Mono","variants":[{"id":"100","woff2":"https://fonts.gstatic.com/s/robotomono/v22/L0xuDF4xlVMF-BfR8bXMIhJHg45mwgGEFl0_3vu_ROW4.woff2","fontFamily":"'Roboto Mono'","fontStyle":"normal","fontWeight":"100","ttf":"https://fonts.gstatic.com/s/robotomono/v22/L0xuDF4xlVMF-BfR8bXMIhJHg45mwgGEFl0_3vu_ROW9.ttf","woff":"https://fonts.gstatic.com/s/robotomono/v22/L0xuDF4xlVMF-BfR8bXMIhJHg45mwgGEFl0_3vu_ROW-.woff","eot":"https://fonts.gstatic.com/s/robotomono/v22/L0xuDF4xlVMF-BfR8bXMIhJHg45mwgGEFl0_3vu_ROW8.eot","svg":"https://fonts.gstatic.com/l/font?kit=L0xuDF4xlVMF-BfR8bXMIhJHg45mwgGEFl0_3vu_ROW_&skey=7b92570108d40690&v=v22#RobotoMono"},{"id":"200","eot":"https://fonts.gstatic.com/s/robotomono/v22/L0xuDF4xlVMF-BfR8bXMIhJHg45mwgGEFl0_Xvq_ROW8.eot","fontFamily":"'Roboto Mono'","fontStyle":"normal","fontWeight":"200","woff":"https://fonts.gstatic.com/s/robotomono/v22/L0xuDF4xlVMF-BfR8bXMIhJHg45mwgGEFl0_Xvq_ROW-.woff","woff2":"https://fonts.gstatic.com/s/robotomono/v22/L0xuDF4xlVMF-BfR8bXMIhJHg45mwgGEFl0_Xvq_ROW4.woff2","svg":"https://fonts.gstatic.com/l/font?kit=L0xuDF4xlVMF-BfR8bXMIhJHg45mwgGEFl0_Xvq_ROW_&skey=7b92570108d40690&v=v22#RobotoMono","ttf":"https://fonts.gstatic.com/s/robotomono/v22/L0xuDF4xlVMF-BfR8bXMIhJHg45mwgGEFl0_Xvq_ROW9.ttf"},{"id":"300","woff":"https://fonts.gstatic.com/s/robotomono/v22/L0xuDF4xlVMF-BfR8bXMIhJHg45mwgGEFl0_gPq_ROW-.woff","fontFamily":"'Roboto Mono'","fontStyle":"normal","fontWeight":"300","eot":"https://fonts.gstatic.com/s/robotomono/v22/L0xuDF4xlVMF-BfR8bXMIhJHg45mwgGEFl0_gPq_ROW8.eot","woff2":"https://fonts.gstatic.com/s/robotomono/v22/L0xuDF4xlVMF-BfR8bXMIhJHg45mwgGEFl0_gPq_ROW4.woff2","svg":"https://fonts.gstatic.com/l/font?kit=L0xuDF4xlVMF-BfR8bXMIhJHg45mwgGEFl0_gPq_ROW_&skey=7b92570108d40690&v=v22#RobotoMono","ttf":"https://fonts.gstatic.com/s/robotomono/v22/L0xuDF4xlVMF-BfR8bXMIhJHg45mwgGEFl0_gPq_ROW9.ttf"},{"id":"regular","eot":"https://fonts.gstatic.com/s/robotomono/v22/L0xuDF4xlVMF-BfR8bXMIhJHg45mwgGEFl0_3vq_ROW8.eot","fontFamily":"'Roboto Mono'","fontStyle":"normal","fontWeight":"400","woff":"https://fonts.gstatic.com/s/robotomono/v22/L0xuDF4xlVMF-BfR8bXMIhJHg45mwgGEFl0_3vq_ROW-.woff","woff2":"https://fonts.gstatic.com/s/robotomono/v22/L0xuDF4xlVMF-BfR8bXMIhJHg45mwgGEFl0_3vq_ROW4.woff2","ttf":"https://fonts.gstatic.com/s/robotomono/v22/L0xuDF4xlVMF-BfR8bXMIhJHg45mwgGEFl0_3vq_ROW9.ttf","svg":"https://fonts.gstatic.com/l/font?kit=L0xuDF4xlVMF-BfR8bXMIhJHg45mwgGEFl0_3vq_ROW_&skey=7b92570108d40690&v=v22#RobotoMono"},{"id":"500","eot":"https://fonts.gstatic.com/s/robotomono/v22/L0xuDF4xlVMF-BfR8bXMIhJHg45mwgGEFl0_7Pq_ROW8.eot","fontFamily":"'Roboto Mono'","fontStyle":"normal","fontWeight":"500","woff2":"https://fonts.gstatic.com/s/robotomono/v22/L0xuDF4xlVMF-BfR8bXMIhJHg45mwgGEFl0_7Pq_ROW4.woff2","woff":"https://fonts.gstatic.com/s/robotomono/v22/L0xuDF4xlVMF-BfR8bXMIhJHg45mwgGEFl0_7Pq_ROW-.woff","svg":"https://fonts.gstatic.com/l/font?kit=L0xuDF4xlVMF-BfR8bXMIhJHg45mwgGEFl0_7Pq_ROW_&skey=7b92570108d40690&v=v22#RobotoMono","ttf":"https://fonts.gstatic.com/s/robotomono/v22/L0xuDF4xlVMF-BfR8bXMIhJHg45mwgGEFl0_7Pq_ROW9.ttf"},{"id":"600","eot":"https://fonts.gstatic.com/s/robotomono/v22/L0xuDF4xlVMF-BfR8bXMIhJHg45mwgGEFl0_AP2_ROW8.eot","fontFamily":"'Roboto Mono'","fontStyle":"normal","fontWeight":"600","woff":"https://fonts.gstatic.com/s/robotomono/v22/L0xuDF4xlVMF-BfR8bXMIhJHg45mwgGEFl0_AP2_ROW-.woff","woff2":"https://fonts.gstatic.com/s/robotomono/v22/L0xuDF4xlVMF-BfR8bXMIhJHg45mwgGEFl0_AP2_ROW4.woff2","ttf":"https://fonts.gstatic.com/s/robotomono/v22/L0xuDF4xlVMF-BfR8bXMIhJHg45mwgGEFl0_AP2_ROW9.ttf","svg":"https://fonts.gstatic.com/l/font?kit=L0xuDF4xlVMF-BfR8bXMIhJHg45mwgGEFl0_AP2_ROW_&skey=7b92570108d40690&v=v22#RobotoMono"},{"id":"700","eot":"https://fonts.gstatic.com/s/robotomono/v22/L0xuDF4xlVMF-BfR8bXMIhJHg45mwgGEFl0_Of2_ROW8.eot","fontFamily":"'Roboto Mono'","fontStyle":"normal","fontWeight":"700","woff":"https://fonts.gstatic.com/s/robotomono/v22/L0xuDF4xlVMF-BfR8bXMIhJHg45mwgGEFl0_Of2_ROW-.woff","svg":"https://fonts.gstatic.com/l/font?kit=L0xuDF4xlVMF-BfR8bXMIhJHg45mwgGEFl0_Of2_ROW_&skey=7b92570108d40690&v=v22#RobotoMono","ttf":"https://fonts.gstatic.com/s/robotomono/v22/L0xuDF4xlVMF-BfR8bXMIhJHg45mwgGEFl0_Of2_ROW9.ttf","woff2":"https://fonts.gstatic.com/s/robotomono/v22/L0xuDF4xlVMF-BfR8bXMIhJHg45mwgGEFl0_Of2_ROW4.woff2"},{"id":"100italic","eot":"https://fonts.gstatic.com/s/robotomono/v22/L0xoDF4xlVMF-BfR8bXMIjhOsXG-q2oeuFoqFrlnAdW6Cp0.eot","fontFamily":"'Roboto Mono'","fontStyle":"italic","fontWeight":"100","woff":"https://fonts.gstatic.com/s/robotomono/v22/L0xoDF4xlVMF-BfR8bXMIjhOsXG-q2oeuFoqFrlnAdW6Cp8.woff","ttf":"https://fonts.gstatic.com/s/robotomono/v22/L0xoDF4xlVMF-BfR8bXMIjhOsXG-q2oeuFoqFrlnAdW6Cpw.ttf","svg":"https://fonts.gstatic.com/l/font?kit=L0xoDF4xlVMF-BfR8bXMIjhOsXG-q2oeuFoqFrlnAdW6Cp4&skey=26ea178546e32190&v=v22#RobotoMono","woff2":"https://fonts.gstatic.com/s/robotomono/v22/L0xoDF4xlVMF-BfR8bXMIjhOsXG-q2oeuFoqFrlnAdW6Cpk.woff2"},{"id":"200italic","eot":"https://fonts.gstatic.com/s/robotomono/v22/L0xoDF4xlVMF-BfR8bXMIjhOsXG-q2oeuFoqFrnnANW6Cp0.eot","fontFamily":"'Roboto Mono'","fontStyle":"italic","fontWeight":"200","woff":"https://fonts.gstatic.com/s/robotomono/v22/L0xoDF4xlVMF-BfR8bXMIjhOsXG-q2oeuFoqFrnnANW6Cp8.woff","woff2":"https://fonts.gstatic.com/s/robotomono/v22/L0xoDF4xlVMF-BfR8bXMIjhOsXG-q2oeuFoqFrnnANW6Cpk.woff2","svg":"https://fonts.gstatic.com/l/font?kit=L0xoDF4xlVMF-BfR8bXMIjhOsXG-q2oeuFoqFrnnANW6Cp4&skey=26ea178546e32190&v=v22#RobotoMono","ttf":"https://fonts.gstatic.com/s/robotomono/v22/L0xoDF4xlVMF-BfR8bXMIjhOsXG-q2oeuFoqFrnnANW6Cpw.ttf"},{"id":"300italic","eot":"https://fonts.gstatic.com/s/robotomono/v22/L0xoDF4xlVMF-BfR8bXMIjhOsXG-q2oeuFoqFrk5ANW6Cp0.eot","fontFamily":"'Roboto Mono'","fontStyle":"italic","fontWeight":"300","woff":"https://fonts.gstatic.com/s/robotomono/v22/L0xoDF4xlVMF-BfR8bXMIjhOsXG-q2oeuFoqFrk5ANW6Cp8.woff","woff2":"https://fonts.gstatic.com/s/robotomono/v22/L0xoDF4xlVMF-BfR8bXMIjhOsXG-q2oeuFoqFrk5ANW6Cpk.woff2","svg":"https://fonts.gstatic.com/l/font?kit=L0xoDF4xlVMF-BfR8bXMIjhOsXG-q2oeuFoqFrk5ANW6Cp4&skey=26ea178546e32190&v=v22#RobotoMono","ttf":"https://fonts.gstatic.com/s/robotomono/v22/L0xoDF4xlVMF-BfR8bXMIjhOsXG-q2oeuFoqFrk5ANW6Cpw.ttf"},{"id":"italic","eot":"https://fonts.gstatic.com/s/robotomono/v22/L0xoDF4xlVMF-BfR8bXMIjhOsXG-q2oeuFoqFrlnANW6Cp0.eot","fontFamily":"'Roboto Mono'","fontStyle":"italic","fontWeight":"400","woff":"https://fonts.gstatic.com/s/robotomono/v22/L0xoDF4xlVMF-BfR8bXMIjhOsXG-q2oeuFoqFrlnANW6Cp8.woff","woff2":"https://fonts.gstatic.com/s/robotomono/v22/L0xoDF4xlVMF-BfR8bXMIjhOsXG-q2oeuFoqFrlnANW6Cpk.woff2","svg":"https://fonts.gstatic.com/l/font?kit=L0xoDF4xlVMF-BfR8bXMIjhOsXG-q2oeuFoqFrlnANW6Cp4&skey=26ea178546e32190&v=v22#RobotoMono","ttf":"https://fonts.gstatic.com/s/robotomono/v22/L0xoDF4xlVMF-BfR8bXMIjhOsXG-q2oeuFoqFrlnANW6Cpw.ttf"},{"id":"500italic","eot":"https://fonts.gstatic.com/s/robotomono/v22/L0xoDF4xlVMF-BfR8bXMIjhOsXG-q2oeuFoqFrlVANW6Cp0.eot","fontFamily":"'Roboto Mono'","fontStyle":"italic","fontWeight":"500","woff":"https://fonts.gstatic.com/s/robotomono/v22/L0xoDF4xlVMF-BfR8bXMIjhOsXG-q2oeuFoqFrlVANW6Cp8.woff","woff2":"https://fonts.gstatic.com/s/robotomono/v22/L0xoDF4xlVMF-BfR8bXMIjhOsXG-q2oeuFoqFrlVANW6Cpk.woff2","ttf":"https://fonts.gstatic.com/s/robotomono/v22/L0xoDF4xlVMF-BfR8bXMIjhOsXG-q2oeuFoqFrlVANW6Cpw.ttf","svg":"https://fonts.gstatic.com/l/font?kit=L0xoDF4xlVMF-BfR8bXMIjhOsXG-q2oeuFoqFrlVANW6Cp4&skey=26ea178546e32190&v=v22#RobotoMono"},{"id":"600italic","eot":"https://fonts.gstatic.com/s/robotomono/v22/L0xoDF4xlVMF-BfR8bXMIjhOsXG-q2oeuFoqFrm5B9W6Cp0.eot","fontFamily":"'Roboto Mono'","fontStyle":"italic","fontWeight":"600","woff":"https://fonts.gstatic.com/s/robotomono/v22/L0xoDF4xlVMF-BfR8bXMIjhOsXG-q2oeuFoqFrm5B9W6Cp8.woff","woff2":"https://fonts.gstatic.com/s/robotomono/v22/L0xoDF4xlVMF-BfR8bXMIjhOsXG-q2oeuFoqFrm5B9W6Cpk.woff2","svg":"https://fonts.gstatic.com/l/font?kit=L0xoDF4xlVMF-BfR8bXMIjhOsXG-q2oeuFoqFrm5B9W6Cp4&skey=26ea178546e32190&v=v22#RobotoMono","ttf":"https://fonts.gstatic.com/s/robotomono/v22/L0xoDF4xlVMF-BfR8bXMIjhOsXG-q2oeuFoqFrm5B9W6Cpw.ttf"},{"id":"700italic","eot":"https://fonts.gstatic.com/s/robotomono/v22/L0xoDF4xlVMF-BfR8bXMIjhOsXG-q2oeuFoqFrmAB9W6Cp0.eot","fontFamily":"'Roboto Mono'","fontStyle":"italic","fontWeight":"700","woff":"https://fonts.gstatic.com/s/robotomono/v22/L0xoDF4xlVMF-BfR8bXMIjhOsXG-q2oeuFoqFrmAB9W6Cp8.woff","woff2":"https://fonts.gstatic.com/s/robotomono/v22/L0xoDF4xlVMF-BfR8bXMIjhOsXG-q2oeuFoqFrmAB9W6Cpk.woff2","svg":"https://fonts.gstatic.com/l/font?kit=L0xoDF4xlVMF-BfR8bXMIjhOsXG-q2oeuFoqFrmAB9W6Cp4&skey=26ea178546e32190&v=v22#RobotoMono","ttf":"https://fonts.gstatic.com/s/robotomono/v22/L0xoDF4xlVMF-BfR8bXMIjhOsXG-q2oeuFoqFrmAB9W6Cpw.ttf"}],"subsets":["cyrillic","cyrillic-ext","greek","latin","latin-ext","vietnamese"],"category":"monospace","version":"v22","lastModified":"2022-07-12","popularity":10,"defSubset":"latin","defVariant":"regular","subsetMap":{"cyrillic":false,"cyrillic-ext":false,"greek":false,"latin":true,"latin-ext":false,"vietnamese":false},"storeID":"latin"}