{"id":"roboto","family":"Roboto","variants":[{"id":"100","eot":"https://fonts.gstatic.com/s/roboto/v30/KFOkCnqEu92Fr1MmgVxIIzY.eot","fontFamily":"'Roboto'","fontStyle":"normal","fontWeight":"100","woff":"https://fonts.gstatic.com/s/roboto/v30/KFOkCnqEu92Fr1MmgVxIIzQ.woff","woff2":"https://fonts.gstatic.com/s/roboto/v30/KFOkCnqEu92Fr1MmgVxIIzI.woff2","svg":"https://fonts.gstatic.com/l/font?kit=KFOkCnqEu92Fr1MmgVxIIzU&skey=5473b731ec7fc9c1&v=v30#Roboto","ttf":"https://fonts.gstatic.com/s/roboto/v30/KFOkCnqEu92Fr1MmgVxIIzc.ttf"},{"id":"100italic","woff":"https://fonts.gstatic.com/s/roboto/v30/KFOiCnqEu92Fr1Mu51QrEzAdKQ.woff","fontFamily":"'Roboto'","fontStyle":"italic","fontWeight":"100","woff2":"https://fonts.gstatic.com/s/roboto/v30/KFOiCnqEu92Fr1Mu51QrEzAdLw.woff2","eot":"https://fonts.gstatic.com/s/roboto/v30/KFOiCnqEu92Fr1Mu51QrEzAdKw.eot","svg":"https://fonts.gstatic.com/l/font?kit=KFOiCnqEu92Fr1Mu51QrEzAdKA&skey=8f53aa2e7deadc4a&v=v30#Roboto","ttf":"https://fonts.gstatic.com/s/roboto/v30/KFOiCnqEu92Fr1Mu51QrEzAdKg.ttf"},{"id":"300","woff2":"https://fonts.gstatic.com/s/roboto/v30/KFOlCnqEu92Fr1MmSU5fBBc4.woff2","fontFamily":"'Roboto'","fontStyle":"normal","fontWeight":"300","eot":"https://fonts.gstatic.com/s/roboto/v30/KFOlCnqEu92Fr1MmSU5fBBc8.eot","svg":"https://fonts.gstatic.com/l/font?kit=KFOlCnqEu92Fr1MmSU5fBBc_&skey=11ce8ad5f54705ca&v=v30#Roboto","woff":"https://fonts.gstatic.com/s/roboto/v30/KFOlCnqEu92Fr1MmSU5fBBc-.woff","ttf":"https://fonts.gstatic.com/s/roboto/v30/KFOlCnqEu92Fr1MmSU5fBBc9.ttf"},{"id":"300italic","woff":"https://fonts.gstatic.com/s/roboto/v30/KFOjCnqEu92Fr1Mu51TjASc6CsI.woff","fontFamily":"'Roboto'","fontStyle":"italic","fontWeight":"300","woff2":"https://fonts.gstatic.com/s/roboto/v30/KFOjCnqEu92Fr1Mu51TjASc6CsQ.woff2","eot":"https://fonts.gstatic.com/s/roboto/v30/KFOjCnqEu92Fr1Mu51TjASc6CsA.eot","svg":"https://fonts.gstatic.com/l/font?kit=KFOjCnqEu92Fr1Mu51TjASc6CsM&skey=8f644060176e1f7e&v=v30#Roboto","ttf":"https://fonts.gstatic.com/s/roboto/v30/KFOjCnqEu92Fr1Mu51TjASc6CsE.ttf"},{"id":"regular","eot":"https://fonts.gstatic.com/s/roboto/v30/KFOmCnqEu92Fr1Mu4mxO.eot","fontFamily":"'Roboto'","fontStyle":"normal","fontWeight":"400","svg":"https://fonts.gstatic.com/l/font?kit=KFOmCnqEu92Fr1Mu4mxN&skey=a0a0114a1dcab3ac&v=v30#Roboto","woff":"https://fonts.gstatic.com/s/roboto/v30/KFOmCnqEu92Fr1Mu4mxM.woff","ttf":"https://fonts.gstatic.com/s/roboto/v30/KFOmCnqEu92Fr1Mu4mxP.ttf","woff2":"https://fonts.gstatic.com/s/roboto/v30/KFOmCnqEu92Fr1Mu4mxK.woff2"},{"id":"italic","eot":"https://fonts.gstatic.com/s/roboto/v30/KFOkCnqEu92Fr1Mu51xIIzY.eot","fontFamily":"'Roboto'","fontStyle":"italic","fontWeight":"400","woff":"https://fonts.gstatic.com/s/roboto/v30/KFOkCnqEu92Fr1Mu51xIIzQ.woff","ttf":"https://fonts.gstatic.com/s/roboto/v30/KFOkCnqEu92Fr1Mu51xIIzc.ttf","woff2":"https://fonts.gstatic.com/s/roboto/v30/KFOkCnqEu92Fr1Mu51xIIzI.woff2","svg":"https://fonts.gstatic.com/l/font?kit=KFOkCnqEu92Fr1Mu51xIIzU&skey=c608c610063635f9&v=v30#Roboto"},{"id":"500","eot":"https://fonts.gstatic.com/s/roboto/v30/KFOlCnqEu92Fr1MmEU9fBBc8.eot","fontFamily":"'Roboto'","fontStyle":"normal","fontWeight":"500","woff2":"https://fonts.gstatic.com/s/roboto/v30/KFOlCnqEu92Fr1MmEU9fBBc4.woff2","woff":"https://fonts.gstatic.com/s/roboto/v30/KFOlCnqEu92Fr1MmEU9fBBc-.woff","ttf":"https://fonts.gstatic.com/s/roboto/v30/KFOlCnqEu92Fr1MmEU9fBBc9.ttf","svg":"https://fonts.gstatic.com/l/font?kit=KFOlCnqEu92Fr1MmEU9fBBc_&skey=ee881451c540fdec&v=v30#Roboto"},{"id":"500italic","eot":"https://fonts.gstatic.com/s/roboto/v30/KFOjCnqEu92Fr1Mu51S7ACc6CsA.eot","fontFamily":"'Roboto'","fontStyle":"italic","fontWeight":"500","woff2":"https://fonts.gstatic.com/s/roboto/v30/KFOjCnqEu92Fr1Mu51S7ACc6CsQ.woff2","woff":"https://fonts.gstatic.com/s/roboto/v30/KFOjCnqEu92Fr1Mu51S7ACc6CsI.woff","svg":"https://fonts.gstatic.com/l/font?kit=KFOjCnqEu92Fr1Mu51S7ACc6CsM&skey=c985e17098069ce0&v=v30#Roboto","ttf":"https://fonts.gstatic.com/s/roboto/v30/KFOjCnqEu92Fr1Mu51S7ACc6CsE.ttf"},{"id":"700","eot":"https://fonts.gstatic.com/s/roboto/v30/KFOlCnqEu92Fr1MmWUlfBBc8.eot","fontFamily":"'Roboto'","fontStyle":"normal","fontWeight":"700","svg":"https://fonts.gstatic.com/l/font?kit=KFOlCnqEu92Fr1MmWUlfBBc_&skey=c06e7213f788649e&v=v30#Roboto","woff":"https://fonts.gstatic.com/s/roboto/v30/KFOlCnqEu92Fr1MmWUlfBBc-.woff","woff2":"https://fonts.gstatic.com/s/roboto/v30/KFOlCnqEu92Fr1MmWUlfBBc4.woff2","ttf":"https://fonts.gstatic.com/s/roboto/v30/KFOlCnqEu92Fr1MmWUlfBBc9.ttf"},{"id":"700italic","eot":"https://fonts.gstatic.com/s/roboto/v30/KFOjCnqEu92Fr1Mu51TzBic6CsA.eot","fontFamily":"'Roboto'","fontStyle":"italic","fontWeight":"700","woff":"https://fonts.gstatic.com/s/roboto/v30/KFOjCnqEu92Fr1Mu51TzBic6CsI.woff","svg":"https://fonts.gstatic.com/l/font?kit=KFOjCnqEu92Fr1Mu51TzBic6CsM&skey=dd030d266f3beccc&v=v30#Roboto","woff2":"https://fonts.gstatic.com/s/roboto/v30/KFOjCnqEu92Fr1Mu51TzBic6CsQ.woff2","ttf":"https://fonts.gstatic.com/s/roboto/v30/KFOjCnqEu92Fr1Mu51TzBic6CsE.ttf"},{"id":"900","woff":"https://fonts.gstatic.com/s/roboto/v30/KFOlCnqEu92Fr1MmYUtfBBc-.woff","fontFamily":"'Roboto'","fontStyle":"normal","fontWeight":"900","eot":"https://fonts.gstatic.com/s/roboto/v30/KFOlCnqEu92Fr1MmYUtfBBc8.eot","svg":"https://fonts.gstatic.com/l/font?kit=KFOlCnqEu92Fr1MmYUtfBBc_&skey=934406f772f9777d&v=v30#Roboto","woff2":"https://fonts.gstatic.com/s/roboto/v30/KFOlCnqEu92Fr1MmYUtfBBc4.woff2","ttf":"https://fonts.gstatic.com/s/roboto/v30/KFOlCnqEu92Fr1MmYUtfBBc9.ttf"},{"id":"900italic","eot":"https://fonts.gstatic.com/s/roboto/v30/KFOjCnqEu92Fr1Mu51TLBCc6CsA.eot","fontFamily":"'Roboto'","fontStyle":"italic","fontWeight":"900","woff":"https://fonts.gstatic.com/s/roboto/v30/KFOjCnqEu92Fr1Mu51TLBCc6CsI.woff","woff2":"https://fonts.gstatic.com/s/roboto/v30/KFOjCnqEu92Fr1Mu51TLBCc6CsQ.woff2","svg":"https://fonts.gstatic.com/l/font?kit=KFOjCnqEu92Fr1Mu51TLBCc6CsM&skey=b80be3241fe40325&v=v30#Roboto","ttf":"https://fonts.gstatic.com/s/roboto/v30/KFOjCnqEu92Fr1Mu51TLBCc6CsE.ttf"}],"subsets":["cyrillic","cyrillic-ext","greek","greek-ext","latin","latin-ext","vietnamese"],"category":"sans-serif","version":"v30","lastModified":"2022-05-12","popularity":1,"defSubset":"latin","defVariant":"regular","subsetMap":{"cyrillic":false,"cyrillic-ext":false,"greek":false,"greek-ext":false,"latin":true,"latin-ext":false,"vietnamese":false},"storeID":"latin"}