{"id":"roboto-condensed","family":"Roboto Condensed","variants":[{"id":"300","ttf":"https://fonts.gstatic.com/s/robotocondensed/v25/ieVi2ZhZI2eCN5jzbjEETS9weq8-33mZGCQYag.ttf","fontFamily":"'Roboto Condensed'","fontStyle":"normal","fontWeight":"300","svg":"https://fonts.gstatic.com/l/font?kit=ieVi2ZhZI2eCN5jzbjEETS9weq8-33mZGCQYaA&skey=d87779efc0c688ec&v=v25#RobotoCondensed","woff":"https://fonts.gstatic.com/s/robotocondensed/v25/ieVi2ZhZI2eCN5jzbjEETS9weq8-33mZGCQYaQ.woff","eot":"https://fonts.gstatic.com/s/robotocondensed/v25/ieVi2ZhZI2eCN5jzbjEETS9weq8-33mZGCQYaw.eot","woff2":"https://fonts.gstatic.com/s/robotocondensed/v25/ieVi2ZhZI2eCN5jzbjEETS9weq8-33mZGCQYbw.woff2"},{"id":"300italic","eot":"https://fonts.gstatic.com/s/robotocondensed/v25/ieVg2ZhZI2eCN5jzbjEETS9weq8-19eDpCEobdNd.eot","fontFamily":"'Roboto Condensed'","fontStyle":"italic","fontWeight":"300","woff2":"https://fonts.gstatic.com/s/robotocondensed/v25/ieVg2ZhZI2eCN5jzbjEETS9weq8-19eDpCEobdNZ.woff2","ttf":"https://fonts.gstatic.com/s/robotocondensed/v25/ieVg2ZhZI2eCN5jzbjEETS9weq8-19eDpCEobdNc.ttf","svg":"https://fonts.gstatic.com/l/font?kit=ieVg2ZhZI2eCN5jzbjEETS9weq8-19eDpCEobdNe&skey=69895035c10128a&v=v25#RobotoCondensed","woff":"https://fonts.gstatic.com/s/robotocondensed/v25/ieVg2ZhZI2eCN5jzbjEETS9weq8-19eDpCEobdNf.woff"},{"id":"regular","woff":"https://fonts.gstatic.com/s/robotocondensed/v25/ieVl2ZhZI2eCN5jzbjEETS9weq8-19K7Cw.woff","fontFamily":"'Roboto Condensed'","fontStyle":"normal","fontWeight":"400","woff2":"https://fonts.gstatic.com/s/robotocondensed/v25/ieVl2ZhZI2eCN5jzbjEETS9weq8-19K7DQ.woff2","ttf":"https://fonts.gstatic.com/s/robotocondensed/v25/ieVl2ZhZI2eCN5jzbjEETS9weq8-19K7CA.ttf","svg":"https://fonts.gstatic.com/l/font?kit=ieVl2ZhZI2eCN5jzbjEETS9weq8-19K7Cg&skey=9986ecffddb755ab&v=v25#RobotoCondensed","eot":"https://fonts.gstatic.com/s/robotocondensed/v25/ieVl2ZhZI2eCN5jzbjEETS9weq8-19K7CQ.eot"},{"id":"italic","woff":"https://fonts.gstatic.com/s/robotocondensed/v25/ieVj2ZhZI2eCN5jzbjEETS9weq8-19eLDwM7.woff","fontFamily":"'Roboto Condensed'","fontStyle":"italic","fontWeight":"400","woff2":"https://fonts.gstatic.com/s/robotocondensed/v25/ieVj2ZhZI2eCN5jzbjEETS9weq8-19eLDwM9.woff2","eot":"https://fonts.gstatic.com/s/robotocondensed/v25/ieVj2ZhZI2eCN5jzbjEETS9weq8-19eLDwM5.eot","svg":"https://fonts.gstatic.com/l/font?kit=ieVj2ZhZI2eCN5jzbjEETS9weq8-19eLDwM6&skey=7b4bef3e83279e13&v=v25#RobotoCondensed","ttf":"https://fonts.gstatic.com/s/robotocondensed/v25/ieVj2ZhZI2eCN5jzbjEETS9weq8-19eLDwM4.ttf"},{"id":"700italic","eot":"https://fonts.gstatic.com/s/robotocondensed/v25/ieVg2ZhZI2eCN5jzbjEETS9weq8-19eDtCYobdNd.eot","fontFamily":"'Roboto Condensed'","fontStyle":"italic","fontWeight":"700","woff":"https://fonts.gstatic.com/s/robotocondensed/v25/ieVg2ZhZI2eCN5jzbjEETS9weq8-19eDtCYobdNf.woff","woff2":"https://fonts.gstatic.com/s/robotocondensed/v25/ieVg2ZhZI2eCN5jzbjEETS9weq8-19eDtCYobdNZ.woff2","svg":"https://fonts.gstatic.com/l/font?kit=ieVg2ZhZI2eCN5jzbjEETS9weq8-19eDtCYobdNe&skey=1e9005c9612bc9e3&v=v25#RobotoCondensed","ttf":"https://fonts.gstatic.com/s/robotocondensed/v25/ieVg2ZhZI2eCN5jzbjEETS9weq8-19eDtCYobdNc.ttf"},{"id":"700","eot":"https://fonts.gstatic.com/s/robotocondensed/v25/ieVi2ZhZI2eCN5jzbjEETS9weq8-32meGCQYaw.eot","fontFamily":"'Roboto Condensed'","fontStyle":"normal","fontWeight":"700","woff":"https://fonts.gstatic.com/s/robotocondensed/v25/ieVi2ZhZI2eCN5jzbjEETS9weq8-32meGCQYaQ.woff","woff2":"https://fonts.gstatic.com/s/robotocondensed/v25/ieVi2ZhZI2eCN5jzbjEETS9weq8-32meGCQYbw.woff2","ttf":"https://fonts.gstatic.com/s/robotocondensed/v25/ieVi2ZhZI2eCN5jzbjEETS9weq8-32meGCQYag.ttf","svg":"https://fonts.gstatic.com/l/font?kit=ieVi2ZhZI2eCN5jzbjEETS9weq8-32meGCQYaA&skey=b54a1a8c4612f15a&v=v25#RobotoCondensed"}],"subsets":["cyrillic","cyrillic-ext","greek","greek-ext","latin","latin-ext","vietnamese"],"category":"sans-serif","version":"v25","lastModified":"2022-04-20","popularity":7,"defSubset":"latin","defVariant":"regular","subsetMap":{"cyrillic":false,"cyrillic-ext":false,"greek":false,"greek-ext":false,"latin":true,"latin-ext":false,"vietnamese":false},"storeID":"latin"}