{"id":"source-sans-pro","family":"Source Sans Pro","variants":[{"id":"200","woff2":"https://fonts.gstatic.com/s/sourcesanspro/v21/6xKydSBYKcSV-LCoeQqfX1RYOo3i94_wlxdu.woff2","fontFamily":"'Source Sans Pro'","fontStyle":"normal","fontWeight":"200","woff":"https://fonts.gstatic.com/s/sourcesanspro/v21/6xKydSBYKcSV-LCoeQqfX1RYOo3i94_wlxdo.woff","eot":"https://fonts.gstatic.com/s/sourcesanspro/v21/6xKydSBYKcSV-LCoeQqfX1RYOo3i94_wlxdq.eot","svg":"https://fonts.gstatic.com/l/font?kit=6xKydSBYKcSV-LCoeQqfX1RYOo3i94_wlxdp&skey=f7e766e587bd9f23&v=v21#SourceSansPro","ttf":"https://fonts.gstatic.com/s/sourcesanspro/v21/6xKydSBYKcSV-LCoeQqfX1RYOo3i94_wlxdr.ttf"},{"id":"200italic","eot":"https://fonts.gstatic.com/s/sourcesanspro/v21/6xKwdSBYKcSV-LCoeQqfX1RYOo3qPZYokSds18A.eot","fontFamily":"'Source Sans Pro'","fontStyle":"italic","fontWeight":"200","woff":"https://fonts.gstatic.com/s/sourcesanspro/v21/6xKwdSBYKcSV-LCoeQqfX1RYOo3qPZYokSds18I.woff","woff2":"https://fonts.gstatic.com/s/sourcesanspro/v21/6xKwdSBYKcSV-LCoeQqfX1RYOo3qPZYokSds18Q.woff2","ttf":"https://fonts.gstatic.com/s/sourcesanspro/v21/6xKwdSBYKcSV-LCoeQqfX1RYOo3qPZYokSds18E.ttf","svg":"https://fonts.gstatic.com/l/font?kit=6xKwdSBYKcSV-LCoeQqfX1RYOo3qPZYokSds18M&skey=f3dde3b4b69fc0ae&v=v21#SourceSansPro"},{"id":"300","eot":"https://fonts.gstatic.com/s/sourcesanspro/v21/6xKydSBYKcSV-LCoeQqfX1RYOo3ik4zwlxdq.eot","fontFamily":"'Source Sans Pro'","fontStyle":"normal","fontWeight":"300","woff2":"https://fonts.gstatic.com/s/sourcesanspro/v21/6xKydSBYKcSV-LCoeQqfX1RYOo3ik4zwlxdu.woff2","woff":"https://fonts.gstatic.com/s/sourcesanspro/v21/6xKydSBYKcSV-LCoeQqfX1RYOo3ik4zwlxdo.woff","svg":"https://fonts.gstatic.com/l/font?kit=6xKydSBYKcSV-LCoeQqfX1RYOo3ik4zwlxdp&skey=e2b26fc7e9e1ade8&v=v21#SourceSansPro","ttf":"https://fonts.gstatic.com/s/sourcesanspro/v21/6xKydSBYKcSV-LCoeQqfX1RYOo3ik4zwlxdr.ttf"},{"id":"300italic","eot":"https://fonts.gstatic.com/s/sourcesanspro/v21/6xKwdSBYKcSV-LCoeQqfX1RYOo3qPZZMkids18A.eot","fontFamily":"'Source Sans Pro'","fontStyle":"italic","fontWeight":"300","woff2":"https://fonts.gstatic.com/s/sourcesanspro/v21/6xKwdSBYKcSV-LCoeQqfX1RYOo3qPZZMkids18Q.woff2","woff":"https://fonts.gstatic.com/s/sourcesanspro/v21/6xKwdSBYKcSV-LCoeQqfX1RYOo3qPZZMkids18I.woff","ttf":"https://fonts.gstatic.com/s/sourcesanspro/v21/6xKwdSBYKcSV-LCoeQqfX1RYOo3qPZZMkids18E.ttf","svg":"https://fonts.gstatic.com/l/font?kit=6xKwdSBYKcSV-LCoeQqfX1RYOo3qPZZMkids18M&skey=8215b74d5c696e49&v=v21#SourceSansPro"},{"id":"regular","eot":"https://fonts.gstatic.com/s/sourcesanspro/v21/6xK3dSBYKcSV-LCoeQqfX1RYOo3qOK7h.eot","fontFamily":"'Source Sans Pro'","fontStyle":"normal","fontWeight":"400","woff":"https://fonts.gstatic.com/s/sourcesanspro/v21/6xK3dSBYKcSV-LCoeQqfX1RYOo3qOK7j.woff","woff2":"https://fonts.gstatic.com/s/sourcesanspro/v21/6xK3dSBYKcSV-LCoeQqfX1RYOo3qOK7l.woff2","ttf":"https://fonts.gstatic.com/s/sourcesanspro/v21/6xK3dSBYKcSV-LCoeQqfX1RYOo3qOK7g.ttf","svg":"https://fonts.gstatic.com/l/font?kit=6xK3dSBYKcSV-LCoeQqfX1RYOo3qOK7i&skey=1e026b1c27170b9b&v=v21#SourceSansPro"},{"id":"italic","woff":"https://fonts.gstatic.com/s/sourcesanspro/v21/6xK1dSBYKcSV-LCoeQqfX1RYOo3qPZ7nsDQ.woff","fontFamily":"'Source Sans Pro'","fontStyle":"italic","fontWeight":"400","eot":"https://fonts.gstatic.com/s/sourcesanspro/v21/6xK1dSBYKcSV-LCoeQqfX1RYOo3qPZ7nsDY.eot","woff2":"https://fonts.gstatic.com/s/sourcesanspro/v21/6xK1dSBYKcSV-LCoeQqfX1RYOo3qPZ7nsDI.woff2","svg":"https://fonts.gstatic.com/l/font?kit=6xK1dSBYKcSV-LCoeQqfX1RYOo3qPZ7nsDU&skey=28c775fa366622c1&v=v21#SourceSansPro","ttf":"https://fonts.gstatic.com/s/sourcesanspro/v21/6xK1dSBYKcSV-LCoeQqfX1RYOo3qPZ7nsDc.ttf"},{"id":"600","woff2":"https://fonts.gstatic.com/s/sourcesanspro/v21/6xKydSBYKcSV-LCoeQqfX1RYOo3i54rwlxdu.woff2","fontFamily":"'Source Sans Pro'","fontStyle":"normal","fontWeight":"600","eot":"https://fonts.gstatic.com/s/sourcesanspro/v21/6xKydSBYKcSV-LCoeQqfX1RYOo3i54rwlxdq.eot","woff":"https://fonts.gstatic.com/s/sourcesanspro/v21/6xKydSBYKcSV-LCoeQqfX1RYOo3i54rwlxdo.woff","svg":"https://fonts.gstatic.com/l/font?kit=6xKydSBYKcSV-LCoeQqfX1RYOo3i54rwlxdp&skey=227a890402fab339&v=v21#SourceSansPro","ttf":"https://fonts.gstatic.com/s/sourcesanspro/v21/6xKydSBYKcSV-LCoeQqfX1RYOo3i54rwlxdr.ttf"},{"id":"600italic","woff2":"https://fonts.gstatic.com/s/sourcesanspro/v21/6xKwdSBYKcSV-LCoeQqfX1RYOo3qPZY4lCds18Q.woff2","fontFamily":"'Source Sans Pro'","fontStyle":"italic","fontWeight":"600","eot":"https://fonts.gstatic.com/s/sourcesanspro/v21/6xKwdSBYKcSV-LCoeQqfX1RYOo3qPZY4lCds18A.eot","woff":"https://fonts.gstatic.com/s/sourcesanspro/v21/6xKwdSBYKcSV-LCoeQqfX1RYOo3qPZY4lCds18I.woff","svg":"https://fonts.gstatic.com/l/font?kit=6xKwdSBYKcSV-LCoeQqfX1RYOo3qPZY4lCds18M&skey=1ddbb15c8706f8a1&v=v21#SourceSansPro","ttf":"https://fonts.gstatic.com/s/sourcesanspro/v21/6xKwdSBYKcSV-LCoeQqfX1RYOo3qPZY4lCds18E.ttf"},{"id":"700","eot":"https://fonts.gstatic.com/s/sourcesanspro/v21/6xKydSBYKcSV-LCoeQqfX1RYOo3ig4vwlxdq.eot","fontFamily":"'Source Sans Pro'","fontStyle":"normal","fontWeight":"700","woff2":"https://fonts.gstatic.com/s/sourcesanspro/v21/6xKydSBYKcSV-LCoeQqfX1RYOo3ig4vwlxdu.woff2","woff":"https://fonts.gstatic.com/s/sourcesanspro/v21/6xKydSBYKcSV-LCoeQqfX1RYOo3ig4vwlxdo.woff","svg":"https://fonts.gstatic.com/l/font?kit=6xKydSBYKcSV-LCoeQqfX1RYOo3ig4vwlxdp&skey=84e1cdfb74260b1d&v=v21#SourceSansPro","ttf":"https://fonts.gstatic.com/s/sourcesanspro/v21/6xKydSBYKcSV-LCoeQqfX1RYOo3ig4vwlxdr.ttf"},{"id":"700italic","woff":"https://fonts.gstatic.com/s/sourcesanspro/v21/6xKwdSBYKcSV-LCoeQqfX1RYOo3qPZZclSds18I.woff","fontFamily":"'Source Sans Pro'","fontStyle":"italic","fontWeight":"700","woff2":"https://fonts.gstatic.com/s/sourcesanspro/v21/6xKwdSBYKcSV-LCoeQqfX1RYOo3qPZZclSds18Q.woff2","eot":"https://fonts.gstatic.com/s/sourcesanspro/v21/6xKwdSBYKcSV-LCoeQqfX1RYOo3qPZZclSds18A.eot","svg":"https://fonts.gstatic.com/l/font?kit=6xKwdSBYKcSV-LCoeQqfX1RYOo3qPZZclSds18M&skey=7573a083f0c737cb&v=v21#SourceSansPro","ttf":"https://fonts.gstatic.com/s/sourcesanspro/v21/6xKwdSBYKcSV-LCoeQqfX1RYOo3qPZZclSds18E.ttf"},{"id":"900","woff":"https://fonts.gstatic.com/s/sourcesanspro/v21/6xKydSBYKcSV-LCoeQqfX1RYOo3iu4nwlxdo.woff","fontFamily":"'Source Sans Pro'","fontStyle":"normal","fontWeight":"900","woff2":"https://fonts.gstatic.com/s/sourcesanspro/v21/6xKydSBYKcSV-LCoeQqfX1RYOo3iu4nwlxdu.woff2","eot":"https://fonts.gstatic.com/s/sourcesanspro/v21/6xKydSBYKcSV-LCoeQqfX1RYOo3iu4nwlxdq.eot","svg":"https://fonts.gstatic.com/l/font?kit=6xKydSBYKcSV-LCoeQqfX1RYOo3iu4nwlxdp&skey=cf4dfcb31d72fb0a&v=v21#SourceSansPro","ttf":"https://fonts.gstatic.com/s/sourcesanspro/v21/6xKydSBYKcSV-LCoeQqfX1RYOo3iu4nwlxdr.ttf"},{"id":"900italic","woff":"https://fonts.gstatic.com/s/sourcesanspro/v21/6xKwdSBYKcSV-LCoeQqfX1RYOo3qPZZklyds18I.woff","fontFamily":"'Source Sans Pro'","fontStyle":"italic","fontWeight":"900","woff2":"https://fonts.gstatic.com/s/sourcesanspro/v21/6xKwdSBYKcSV-LCoeQqfX1RYOo3qPZZklyds18Q.woff2","eot":"https://fonts.gstatic.com/s/sourcesanspro/v21/6xKwdSBYKcSV-LCoeQqfX1RYOo3qPZZklyds18A.eot","svg":"https://fonts.gstatic.com/l/font?kit=6xKwdSBYKcSV-LCoeQqfX1RYOo3qPZZklyds18M&skey=28b6885887279f18&v=v21#SourceSansPro","ttf":"https://fonts.gstatic.com/s/sourcesanspro/v21/6xKwdSBYKcSV-LCoeQqfX1RYOo3qPZZklyds18E.ttf"}],"subsets":["cyrillic","cyrillic-ext","greek","greek-ext","latin","latin-ext","vietnamese"],"category":"sans-serif","version":"v21","lastModified":"2022-04-27","popularity":8,"defSubset":"latin","defVariant":"regular","subsetMap":{"cyrillic":false,"cyrillic-ext":false,"greek":false,"greek-ext":false,"latin":true,"latin-ext":false,"vietnamese":false},"storeID":"latin"}