{"id":"source-sans-pro","family":"Source Sans Pro","variants":[{"id":"200","ttf":"https://fonts.gstatic.com/s/sourcesanspro/v21/6xKydSBYKcSV-LCoeQqfX1RYOo3i94_wmRdr.ttf","fontFamily":"'Source Sans Pro'","fontStyle":"normal","fontWeight":"200","woff":"https://fonts.gstatic.com/s/sourcesanspro/v21/6xKydSBYKcSV-LCoeQqfX1RYOo3i94_wmRdo.woff","woff2":"https://fonts.gstatic.com/s/sourcesanspro/v21/6xKydSBYKcSV-LCoeQqfX1RYOo3i94_wmRdu.woff2","svg":"https://fonts.gstatic.com/l/font?kit=6xKydSBYKcSV-LCoeQqfX1RYOo3i94_wmRdp&skey=f7e766e587bd9f23&v=v21#SourceSansPro","eot":"https://fonts.gstatic.com/s/sourcesanspro/v21/6xKydSBYKcSV-LCoeQqfX1RYOo3i94_wmRdq.eot"},{"id":"200italic","eot":"https://fonts.gstatic.com/s/sourcesanspro/v21/6xKwdSBYKcSV-LCoeQqfX1RYOo3qPZYokSdi18A.eot","fontFamily":"'Source Sans Pro'","fontStyle":"italic","fontWeight":"200","woff":"https://fonts.gstatic.com/s/sourcesanspro/v21/6xKwdSBYKcSV-LCoeQqfX1RYOo3qPZYokSdi18I.woff","ttf":"https://fonts.gstatic.com/s/sourcesanspro/v21/6xKwdSBYKcSV-LCoeQqfX1RYOo3qPZYokSdi18E.ttf","svg":"https://fonts.gstatic.com/l/font?kit=6xKwdSBYKcSV-LCoeQqfX1RYOo3qPZYokSdi18M&skey=f3dde3b4b69fc0ae&v=v21#SourceSansPro","woff2":"https://fonts.gstatic.com/s/sourcesanspro/v21/6xKwdSBYKcSV-LCoeQqfX1RYOo3qPZYokSdi18Q.woff2"},{"id":"300","eot":"https://fonts.gstatic.com/s/sourcesanspro/v21/6xKydSBYKcSV-LCoeQqfX1RYOo3ik4zwmRdq.eot","fontFamily":"'Source Sans Pro'","fontStyle":"normal","fontWeight":"300","woff":"https://fonts.gstatic.com/s/sourcesanspro/v21/6xKydSBYKcSV-LCoeQqfX1RYOo3ik4zwmRdo.woff","woff2":"https://fonts.gstatic.com/s/sourcesanspro/v21/6xKydSBYKcSV-LCoeQqfX1RYOo3ik4zwmRdu.woff2","svg":"https://fonts.gstatic.com/l/font?kit=6xKydSBYKcSV-LCoeQqfX1RYOo3ik4zwmRdp&skey=e2b26fc7e9e1ade8&v=v21#SourceSansPro","ttf":"https://fonts.gstatic.com/s/sourcesanspro/v21/6xKydSBYKcSV-LCoeQqfX1RYOo3ik4zwmRdr.ttf"},{"id":"300italic","eot":"https://fonts.gstatic.com/s/sourcesanspro/v21/6xKwdSBYKcSV-LCoeQqfX1RYOo3qPZZMkidi18A.eot","fontFamily":"'Source Sans Pro'","fontStyle":"italic","fontWeight":"300","woff2":"https://fonts.gstatic.com/s/sourcesanspro/v21/6xKwdSBYKcSV-LCoeQqfX1RYOo3qPZZMkidi18Q.woff2","woff":"https://fonts.gstatic.com/s/sourcesanspro/v21/6xKwdSBYKcSV-LCoeQqfX1RYOo3qPZZMkidi18I.woff","svg":"https://fonts.gstatic.com/l/font?kit=6xKwdSBYKcSV-LCoeQqfX1RYOo3qPZZMkidi18M&skey=8215b74d5c696e49&v=v21#SourceSansPro","ttf":"https://fonts.gstatic.com/s/sourcesanspro/v21/6xKwdSBYKcSV-LCoeQqfX1RYOo3qPZZMkidi18E.ttf"},{"id":"regular","eot":"https://fonts.gstatic.com/s/sourcesanspro/v21/6xK3dSBYKcSV-LCoeQqfX1RYOo3qNq7h.eot","fontFamily":"'Source Sans Pro'","fontStyle":"normal","fontWeight":"400","woff2":"https://fonts.gstatic.com/s/sourcesanspro/v21/6xK3dSBYKcSV-LCoeQqfX1RYOo3qNq7l.woff2","woff":"https://fonts.gstatic.com/s/sourcesanspro/v21/6xK3dSBYKcSV-LCoeQqfX1RYOo3qNq7j.woff","svg":"https://fonts.gstatic.com/l/font?kit=6xK3dSBYKcSV-LCoeQqfX1RYOo3qNq7i&skey=1e026b1c27170b9b&v=v21#SourceSansPro","ttf":"https://fonts.gstatic.com/s/sourcesanspro/v21/6xK3dSBYKcSV-LCoeQqfX1RYOo3qNq7g.ttf"},{"id":"italic","woff":"https://fonts.gstatic.com/s/sourcesanspro/v21/6xK1dSBYKcSV-LCoeQqfX1RYOo3qPZ7psDQ.woff","fontFamily":"'Source Sans Pro'","fontStyle":"italic","fontWeight":"400","eot":"https://fonts.gstatic.com/s/sourcesanspro/v21/6xK1dSBYKcSV-LCoeQqfX1RYOo3qPZ7psDY.eot","svg":"https://fonts.gstatic.com/l/font?kit=6xK1dSBYKcSV-LCoeQqfX1RYOo3qPZ7psDU&skey=28c775fa366622c1&v=v21#SourceSansPro","woff2":"https://fonts.gstatic.com/s/sourcesanspro/v21/6xK1dSBYKcSV-LCoeQqfX1RYOo3qPZ7psDI.woff2","ttf":"https://fonts.gstatic.com/s/sourcesanspro/v21/6xK1dSBYKcSV-LCoeQqfX1RYOo3qPZ7psDc.ttf"},{"id":"600","eot":"https://fonts.gstatic.com/s/sourcesanspro/v21/6xKydSBYKcSV-LCoeQqfX1RYOo3i54rwmRdq.eot","fontFamily":"'Source Sans Pro'","fontStyle":"normal","fontWeight":"600","woff":"https://fonts.gstatic.com/s/sourcesanspro/v21/6xKydSBYKcSV-LCoeQqfX1RYOo3i54rwmRdo.woff","svg":"https://fonts.gstatic.com/l/font?kit=6xKydSBYKcSV-LCoeQqfX1RYOo3i54rwmRdp&skey=227a890402fab339&v=v21#SourceSansPro","woff2":"https://fonts.gstatic.com/s/sourcesanspro/v21/6xKydSBYKcSV-LCoeQqfX1RYOo3i54rwmRdu.woff2","ttf":"https://fonts.gstatic.com/s/sourcesanspro/v21/6xKydSBYKcSV-LCoeQqfX1RYOo3i54rwmRdr.ttf"},{"id":"600italic","eot":"https://fonts.gstatic.com/s/sourcesanspro/v21/6xKwdSBYKcSV-LCoeQqfX1RYOo3qPZY4lCdi18A.eot","fontFamily":"'Source Sans Pro'","fontStyle":"italic","fontWeight":"600","woff":"https://fonts.gstatic.com/s/sourcesanspro/v21/6xKwdSBYKcSV-LCoeQqfX1RYOo3qPZY4lCdi18I.woff","woff2":"https://fonts.gstatic.com/s/sourcesanspro/v21/6xKwdSBYKcSV-LCoeQqfX1RYOo3qPZY4lCdi18Q.woff2","svg":"https://fonts.gstatic.com/l/font?kit=6xKwdSBYKcSV-LCoeQqfX1RYOo3qPZY4lCdi18M&skey=1ddbb15c8706f8a1&v=v21#SourceSansPro","ttf":"https://fonts.gstatic.com/s/sourcesanspro/v21/6xKwdSBYKcSV-LCoeQqfX1RYOo3qPZY4lCdi18E.ttf"},{"id":"700","eot":"https://fonts.gstatic.com/s/sourcesanspro/v21/6xKydSBYKcSV-LCoeQqfX1RYOo3ig4vwmRdq.eot","fontFamily":"'Source Sans Pro'","fontStyle":"normal","fontWeight":"700","woff":"https://fonts.gstatic.com/s/sourcesanspro/v21/6xKydSBYKcSV-LCoeQqfX1RYOo3ig4vwmRdo.woff","woff2":"https://fonts.gstatic.com/s/sourcesanspro/v21/6xKydSBYKcSV-LCoeQqfX1RYOo3ig4vwmRdu.woff2","ttf":"https://fonts.gstatic.com/s/sourcesanspro/v21/6xKydSBYKcSV-LCoeQqfX1RYOo3ig4vwmRdr.ttf","svg":"https://fonts.gstatic.com/l/font?kit=6xKydSBYKcSV-LCoeQqfX1RYOo3ig4vwmRdp&skey=84e1cdfb74260b1d&v=v21#SourceSansPro"},{"id":"700italic","eot":"https://fonts.gstatic.com/s/sourcesanspro/v21/6xKwdSBYKcSV-LCoeQqfX1RYOo3qPZZclSdi18A.eot","fontFamily":"'Source Sans Pro'","fontStyle":"italic","fontWeight":"700","woff":"https://fonts.gstatic.com/s/sourcesanspro/v21/6xKwdSBYKcSV-LCoeQqfX1RYOo3qPZZclSdi18I.woff","ttf":"https://fonts.gstatic.com/s/sourcesanspro/v21/6xKwdSBYKcSV-LCoeQqfX1RYOo3qPZZclSdi18E.ttf","svg":"https://fonts.gstatic.com/l/font?kit=6xKwdSBYKcSV-LCoeQqfX1RYOo3qPZZclSdi18M&skey=7573a083f0c737cb&v=v21#SourceSansPro","woff2":"https://fonts.gstatic.com/s/sourcesanspro/v21/6xKwdSBYKcSV-LCoeQqfX1RYOo3qPZZclSdi18Q.woff2"},{"id":"900","eot":"https://fonts.gstatic.com/s/sourcesanspro/v21/6xKydSBYKcSV-LCoeQqfX1RYOo3iu4nwmRdq.eot","fontFamily":"'Source Sans Pro'","fontStyle":"normal","fontWeight":"900","woff":"https://fonts.gstatic.com/s/sourcesanspro/v21/6xKydSBYKcSV-LCoeQqfX1RYOo3iu4nwmRdo.woff","woff2":"https://fonts.gstatic.com/s/sourcesanspro/v21/6xKydSBYKcSV-LCoeQqfX1RYOo3iu4nwmRdu.woff2","ttf":"https://fonts.gstatic.com/s/sourcesanspro/v21/6xKydSBYKcSV-LCoeQqfX1RYOo3iu4nwmRdr.ttf","svg":"https://fonts.gstatic.com/l/font?kit=6xKydSBYKcSV-LCoeQqfX1RYOo3iu4nwmRdp&skey=cf4dfcb31d72fb0a&v=v21#SourceSansPro"},{"id":"900italic","eot":"https://fonts.gstatic.com/s/sourcesanspro/v21/6xKwdSBYKcSV-LCoeQqfX1RYOo3qPZZklydi18A.eot","fontFamily":"'Source Sans Pro'","fontStyle":"italic","fontWeight":"900","woff":"https://fonts.gstatic.com/s/sourcesanspro/v21/6xKwdSBYKcSV-LCoeQqfX1RYOo3qPZZklydi18I.woff","woff2":"https://fonts.gstatic.com/s/sourcesanspro/v21/6xKwdSBYKcSV-LCoeQqfX1RYOo3qPZZklydi18Q.woff2","ttf":"https://fonts.gstatic.com/s/sourcesanspro/v21/6xKwdSBYKcSV-LCoeQqfX1RYOo3qPZZklydi18E.ttf","svg":"https://fonts.gstatic.com/l/font?kit=6xKwdSBYKcSV-LCoeQqfX1RYOo3qPZZklydi18M&skey=28b6885887279f18&v=v21#SourceSansPro"}],"subsets":["cyrillic","cyrillic-ext","greek","greek-ext","latin","latin-ext","vietnamese"],"category":"sans-serif","version":"v21","lastModified":"2022-04-27","popularity":8,"defSubset":"latin","defVariant":"regular","subsetMap":{"cyrillic":false,"cyrillic-ext":false,"greek":false,"greek-ext":false,"latin":false,"latin-ext":true,"vietnamese":false},"storeID":"latin-ext"}