{"id":"roboto","family":"Roboto","variants":[{"id":"100","eot":"https://fonts.gstatic.com/s/roboto/v30/KFOkCnqEu92Fr1MmgVxGIzY.eot","fontFamily":"'Roboto'","fontStyle":"normal","fontWeight":"100","woff":"https://fonts.gstatic.com/s/roboto/v30/KFOkCnqEu92Fr1MmgVxGIzQ.woff","svg":"https://fonts.gstatic.com/l/font?kit=KFOkCnqEu92Fr1MmgVxGIzU&skey=5473b731ec7fc9c1&v=v30#Roboto","woff2":"https://fonts.gstatic.com/s/roboto/v30/KFOkCnqEu92Fr1MmgVxGIzI.woff2","ttf":"https://fonts.gstatic.com/s/roboto/v30/KFOkCnqEu92Fr1MmgVxGIzc.ttf"},{"id":"100italic","eot":"https://fonts.gstatic.com/s/roboto/v30/KFOiCnqEu92Fr1Mu51QrEz4dKw.eot","fontFamily":"'Roboto'","fontStyle":"italic","fontWeight":"100","woff":"https://fonts.gstatic.com/s/roboto/v30/KFOiCnqEu92Fr1Mu51QrEz4dKQ.woff","ttf":"https://fonts.gstatic.com/s/roboto/v30/KFOiCnqEu92Fr1Mu51QrEz4dKg.ttf","woff2":"https://fonts.gstatic.com/s/roboto/v30/KFOiCnqEu92Fr1Mu51QrEz4dLw.woff2","svg":"https://fonts.gstatic.com/l/font?kit=KFOiCnqEu92Fr1Mu51QrEz4dKA&skey=8f53aa2e7deadc4a&v=v30#Roboto"},{"id":"300","eot":"https://fonts.gstatic.com/s/roboto/v30/KFOlCnqEu92Fr1MmSU5fChc8.eot","fontFamily":"'Roboto'","fontStyle":"normal","fontWeight":"300","woff":"https://fonts.gstatic.com/s/roboto/v30/KFOlCnqEu92Fr1MmSU5fChc-.woff","svg":"https://fonts.gstatic.com/l/font?kit=KFOlCnqEu92Fr1MmSU5fChc_&skey=11ce8ad5f54705ca&v=v30#Roboto","ttf":"https://fonts.gstatic.com/s/roboto/v30/KFOlCnqEu92Fr1MmSU5fChc9.ttf","woff2":"https://fonts.gstatic.com/s/roboto/v30/KFOlCnqEu92Fr1MmSU5fChc4.woff2"},{"id":"300italic","eot":"https://fonts.gstatic.com/s/roboto/v30/KFOjCnqEu92Fr1Mu51TjASc0CsA.eot","fontFamily":"'Roboto'","fontStyle":"italic","fontWeight":"300","woff2":"https://fonts.gstatic.com/s/roboto/v30/KFOjCnqEu92Fr1Mu51TjASc0CsQ.woff2","woff":"https://fonts.gstatic.com/s/roboto/v30/KFOjCnqEu92Fr1Mu51TjASc0CsI.woff","ttf":"https://fonts.gstatic.com/s/roboto/v30/KFOjCnqEu92Fr1Mu51TjASc0CsE.ttf","svg":"https://fonts.gstatic.com/l/font?kit=KFOjCnqEu92Fr1Mu51TjASc0CsM&skey=8f644060176e1f7e&v=v30#Roboto"},{"id":"regular","eot":"https://fonts.gstatic.com/s/roboto/v30/KFOmCnqEu92Fr1Mu7GxO.eot","fontFamily":"'Roboto'","fontStyle":"normal","fontWeight":"400","woff":"https://fonts.gstatic.com/s/roboto/v30/KFOmCnqEu92Fr1Mu7GxM.woff","svg":"https://fonts.gstatic.com/l/font?kit=KFOmCnqEu92Fr1Mu7GxN&skey=a0a0114a1dcab3ac&v=v30#Roboto","woff2":"https://fonts.gstatic.com/s/roboto/v30/KFOmCnqEu92Fr1Mu7GxK.woff2","ttf":"https://fonts.gstatic.com/s/roboto/v30/KFOmCnqEu92Fr1Mu7GxP.ttf"},{"id":"italic","eot":"https://fonts.gstatic.com/s/roboto/v30/KFOkCnqEu92Fr1Mu51xGIzY.eot","fontFamily":"'Roboto'","fontStyle":"italic","fontWeight":"400","woff":"https://fonts.gstatic.com/s/roboto/v30/KFOkCnqEu92Fr1Mu51xGIzQ.woff","svg":"https://fonts.gstatic.com/l/font?kit=KFOkCnqEu92Fr1Mu51xGIzU&skey=c608c610063635f9&v=v30#Roboto","ttf":"https://fonts.gstatic.com/s/roboto/v30/KFOkCnqEu92Fr1Mu51xGIzc.ttf","woff2":"https://fonts.gstatic.com/s/roboto/v30/KFOkCnqEu92Fr1Mu51xGIzI.woff2"},{"id":"500","eot":"https://fonts.gstatic.com/s/roboto/v30/KFOlCnqEu92Fr1MmEU9fChc8.eot","fontFamily":"'Roboto'","fontStyle":"normal","fontWeight":"500","woff2":"https://fonts.gstatic.com/s/roboto/v30/KFOlCnqEu92Fr1MmEU9fChc4.woff2","woff":"https://fonts.gstatic.com/s/roboto/v30/KFOlCnqEu92Fr1MmEU9fChc-.woff","svg":"https://fonts.gstatic.com/l/font?kit=KFOlCnqEu92Fr1MmEU9fChc_&skey=ee881451c540fdec&v=v30#Roboto","ttf":"https://fonts.gstatic.com/s/roboto/v30/KFOlCnqEu92Fr1MmEU9fChc9.ttf"},{"id":"500italic","eot":"https://fonts.gstatic.com/s/roboto/v30/KFOjCnqEu92Fr1Mu51S7ACc0CsA.eot","fontFamily":"'Roboto'","fontStyle":"italic","fontWeight":"500","woff2":"https://fonts.gstatic.com/s/roboto/v30/KFOjCnqEu92Fr1Mu51S7ACc0CsQ.woff2","woff":"https://fonts.gstatic.com/s/roboto/v30/KFOjCnqEu92Fr1Mu51S7ACc0CsI.woff","svg":"https://fonts.gstatic.com/l/font?kit=KFOjCnqEu92Fr1Mu51S7ACc0CsM&skey=c985e17098069ce0&v=v30#Roboto","ttf":"https://fonts.gstatic.com/s/roboto/v30/KFOjCnqEu92Fr1Mu51S7ACc0CsE.ttf"},{"id":"700","woff2":"https://fonts.gstatic.com/s/roboto/v30/KFOlCnqEu92Fr1MmWUlfChc4.woff2","fontFamily":"'Roboto'","fontStyle":"normal","fontWeight":"700","eot":"https://fonts.gstatic.com/s/roboto/v30/KFOlCnqEu92Fr1MmWUlfChc8.eot","woff":"https://fonts.gstatic.com/s/roboto/v30/KFOlCnqEu92Fr1MmWUlfChc-.woff","svg":"https://fonts.gstatic.com/l/font?kit=KFOlCnqEu92Fr1MmWUlfChc_&skey=c06e7213f788649e&v=v30#Roboto","ttf":"https://fonts.gstatic.com/s/roboto/v30/KFOlCnqEu92Fr1MmWUlfChc9.ttf"},{"id":"700italic","woff":"https://fonts.gstatic.com/s/roboto/v30/KFOjCnqEu92Fr1Mu51TzBic0CsI.woff","fontFamily":"'Roboto'","fontStyle":"italic","fontWeight":"700","eot":"https://fonts.gstatic.com/s/roboto/v30/KFOjCnqEu92Fr1Mu51TzBic0CsA.eot","woff2":"https://fonts.gstatic.com/s/roboto/v30/KFOjCnqEu92Fr1Mu51TzBic0CsQ.woff2","svg":"https://fonts.gstatic.com/l/font?kit=KFOjCnqEu92Fr1Mu51TzBic0CsM&skey=dd030d266f3beccc&v=v30#Roboto","ttf":"https://fonts.gstatic.com/s/roboto/v30/KFOjCnqEu92Fr1Mu51TzBic0CsE.ttf"},{"id":"900","woff":"https://fonts.gstatic.com/s/roboto/v30/KFOlCnqEu92Fr1MmYUtfChc-.woff","fontFamily":"'Roboto'","fontStyle":"normal","fontWeight":"900","eot":"https://fonts.gstatic.com/s/roboto/v30/KFOlCnqEu92Fr1MmYUtfChc8.eot","woff2":"https://fonts.gstatic.com/s/roboto/v30/KFOlCnqEu92Fr1MmYUtfChc4.woff2","svg":"https://fonts.gstatic.com/l/font?kit=KFOlCnqEu92Fr1MmYUtfChc_&skey=934406f772f9777d&v=v30#Roboto","ttf":"https://fonts.gstatic.com/s/roboto/v30/KFOlCnqEu92Fr1MmYUtfChc9.ttf"},{"id":"900italic","woff":"https://fonts.gstatic.com/s/roboto/v30/KFOjCnqEu92Fr1Mu51TLBCc0CsI.woff","fontFamily":"'Roboto'","fontStyle":"italic","fontWeight":"900","eot":"https://fonts.gstatic.com/s/roboto/v30/KFOjCnqEu92Fr1Mu51TLBCc0CsA.eot","woff2":"https://fonts.gstatic.com/s/roboto/v30/KFOjCnqEu92Fr1Mu51TLBCc0CsQ.woff2","svg":"https://fonts.gstatic.com/l/font?kit=KFOjCnqEu92Fr1Mu51TLBCc0CsM&skey=b80be3241fe40325&v=v30#Roboto","ttf":"https://fonts.gstatic.com/s/roboto/v30/KFOjCnqEu92Fr1Mu51TLBCc0CsE.ttf"}],"subsets":["cyrillic","cyrillic-ext","greek","greek-ext","latin","latin-ext","vietnamese"],"category":"sans-serif","version":"v30","lastModified":"2022-05-12","popularity":1,"defSubset":"latin","defVariant":"regular","subsetMap":{"cyrillic":false,"cyrillic-ext":false,"greek":false,"greek-ext":false,"latin":true,"latin-ext":true,"vietnamese":false},"storeID":"latin-ext_latin"}