<?xml version="1.0" encoding="utf-8"?>
<extension version="3.9" type="plugin" group="system" method="upgrade">
	<name>plg_system_jtaldef</name>
	<author>Guido De Gobbis</author>
	<creationDate>2022-09-19</creationDate>
	<copyright>Copyright 2022 JoomTools.de. All rights reserved.</copyright>
	<license>GNU General Public License version 3 or later; see LICENSE.txt</license>
	<authorEmail>support@joomtools.de</authorEmail>
	<authorUrl>https://github.com/JoomTools/plg_system_jtaldef</authorUrl>
	<version>1.0.14</version>
	<description>PLG_SYSTEM_JTALDEF_DESCRIPTION</description>
	<files>
		<folder>language</folder>
<folder>field</folder>
<file>script.php</file>
<file plugin="jtaldef">jtaldef.php</file>
<file>jtaldef.xml</file>
<folder>src</folder>
	</files>
	<media destination="plg_system_jtaldef" folder="media/plg_system_jtaldef">
		<folder>js</folder>
<folder>index</folder>
	</media>
	<scriptfile>script.php</scriptfile>
	<config>
		<fields name="params">
			<fieldset name="basic">
				<field name="jtaldef_info"
				       type="note"
				       label="PLG_SYSTEM_JTALDEF_INFO_LABEL"
				       description="PLG_SYSTEM_JTALDEF_INFO_DESC"
				       class="alert alert-warning"
				       heading="h3"
				/>
				<field name="clearCache"
				       type="jtaldefclearindex"
				/>
				<field name="handlerToParse"
				       type="jtaldefhandlertoparse"
				       multiple="true"
				       label="PLG_SYSTEM_JTALDEF_SERVICE_TO_PARSE_LABEL"
				       description="PLG_SYSTEM_JTALDEF_SERVICE_TO_PARSE_DESC"
				       default='["GoogleFonts"]'
				       required="true"
				>
					<option value="GoogleFonts">Google Fonts</option>
				</field>
				<field name="parseHeadLinks"
				       type="radio"
				       class="btn-group btn-group-yesno"
				       label="PLG_SYSTEM_JTALDEF_PARSE_HEAD_LINKS_LABEL"
				       description="PLG_SYSTEM_JTALDEF_PARSE_HEAD_LINKS_DESC"
				       default="1"
				>
					<option value="1">JYES</option>
					<option value="0">JNO</option>
				</field>
				<field name="removeNotParsedFromHead"
				       type="radio"
				       class="btn-group btn-group-yesno"
				       label="PLG_SYSTEM_JTALDEF_REMOVE_NOT_PARSED_FROM_HEAD_LABEL"
				       description="PLG_SYSTEM_JTALDEF_REMOVE_NOT_PARSED_FROM_HEAD_DESC"
				       default="1"
				       showon="parseHeadLinks:1"
				>
					<option value="1">JYES</option>
					<option value="0">JNO</option>
				</field>
				<field name="parseLocalCssFiles"
				       type="radio"
				       class="btn-group btn-group-yesno"
				       label="PLG_SYSTEM_JTALDEF_PARSE_LOCAL_CSS_FILES_LABEL"
				       description="PLG_SYSTEM_JTALDEF_PARSE_LOCAL_CSS_FILES_DESC"
				       default="1"
				       showon="parseHeadLinks:1"
				>
					<option value="1">JYES</option>
					<option value="0">JNO</option>
				</field>
				<field name="infoStyleHeadBody"
				       type="note"
				       label="PLG_SYSTEM_JTALDEF_INFO_STYLE_HEAD_BODY_LABEL"
				       description="PLG_SYSTEM_JTALDEF_INFO_STYLE_HEAD_BODY_DESC"
				       class="alert alert-warning"
				       heading="h3"
				/>
				<field name="parseHeadStyleTags"
				       type="radio"
				       class="btn-group btn-group-yesno"
				       label="PLG_SYSTEM_JTALDEF_PARSE_HEAD_STYLE_TAGS_LABEL"
				       description="PLG_SYSTEM_JTALDEF_PARSE_HEAD_STYLE_TAGS_DESC"
				       default="0"
				>
					<option value="1">JYES</option>
					<option value="0">JNO</option>
				</field>
				<field name="parseBodyStyleTags"
				       type="radio"
				       class="btn-group btn-group-yesno"
				       label="PLG_SYSTEM_JTALDEF_PARSE_BODY_STYLE_TAGS_LABEL"
				       description="PLG_SYSTEM_JTALDEF_PARSE_BODY_STYLE_TAGS_DESC"
				       default="0"
				>
					<option value="1">JYES</option>
					<option value="0">JNO</option>
				</field>
				<field name="debug"
				       type="radio"
				       class="btn-group btn-group-yesno"
				       label="PLG_SYSTEM_JTALDEF_DEBUG_LABEL"
				       description="PLG_SYSTEM_JTALDEF_DEBUG_DESC"
				       default="0"
				>
					<option value="1">JYES</option>
					<option value="0">JNO</option>
				</field>
			</fieldset>
		</fields>
	</config>

	<updateservers>
		<server type="extension" priority="1" name="plg_system_jtaldef">https://raw.githubusercontent.com/joomtools/plg_system_jtaldef/master/update.xml</server>
	</updateservers>
</extension>
